{
	"credit": "Made with Blockbench",
	"textures": {
		"0": "block/color/wood_eleven",
		"1": "block/color/cauldron_inner",
		"2": "block/color/cauldron",
		"particle": "block/color/wood_eleven"
	},
	"elements": [
		{
			"from": [8, 1.8, 6.9],
			"to": [8.5, 2.8, 7],
			"rotation": {"angle": 0, "axis": "y", "origin": [8.25, 2.15084, 7.04989]},
			"faces": {
				"north": {"uv": [0, 0, 0.5, 1], "rotation": 180, "texture": "#0"},
				"east": {"uv": [0, 0, 1, 0.1], "rotation": 90, "texture": "#0"},
				"south": {"uv": [0, 0, 0.5, 1], "texture": "#0"},
				"west": {"uv": [0, 0, 1, 0.1], "rotation": 270, "texture": "#0"},
				"up": {"uv": [0, 0, 0.5, 0.1], "texture": "#0"},
				"down": {"uv": [0, 0, 0.5, 0.1], "rotation": 180, "texture": "#0"}
			}
		},
		{
			"from": [8, 0.6, 6.7],
			"to": [8.5, 1.9, 6.8],
			"rotation": {"angle": 22.5, "axis": "x", "origin": [8.25, 1.25084, 6.74989]},
			"faces": {
				"north": {"uv": [0, 0, 0.5, 1.3], "rotation": 180, "texture": "#0"},
				"east": {"uv": [0, 0, 1.3, 0.1], "rotation": 90, "texture": "#0"},
				"south": {"uv": [0, 0, 0.5, 1.3], "texture": "#0"},
				"west": {"uv": [0, 0, 1.3, 0.1], "rotation": 270, "texture": "#0"},
				"up": {"uv": [0, 0, 0.5, 0.1], "texture": "#0"},
				"down": {"uv": [0, 0, 0.5, 0.1], "rotation": 180, "texture": "#0"}
			}
		},
		{
			"from": [8, -1.4, 5.5],
			"to": [8.5, 1, 5.6],
			"rotation": {"angle": 45, "axis": "x", "origin": [8.25, -0.34916, 5.54989]},
			"faces": {
				"north": {"uv": [0, 0, 0.5, 1.7], "rotation": 180, "texture": "#0"},
				"east": {"uv": [0, 0, 1.7, 0.1], "rotation": 90, "texture": "#0"},
				"south": {"uv": [0, 0, 0.5, 1.7], "texture": "#0"},
				"west": {"uv": [0, 0, 1.7, 0.1], "rotation": 270, "texture": "#0"},
				"up": {"uv": [0, 0, 0.5, 0.1], "texture": "#0"},
				"down": {"uv": [0, 0, 0.5, 0.1], "rotation": 180, "texture": "#0"}
			}
		},
		{
			"from": [8, -0.6, 4.3],
			"to": [8.5, 1, 4.4],
			"rotation": {"angle": 45, "axis": "x", "origin": [8.25, -0.34916, 4.34989]},
			"faces": {
				"north": {"uv": [0, 0, 0.5, 1.7], "rotation": 180, "texture": "#0"},
				"east": {"uv": [0, 0, 1.7, 0.1], "rotation": 90, "texture": "#0"},
				"south": {"uv": [0, 0, 0.5, 1.7], "texture": "#0"},
				"west": {"uv": [0, 0, 1.7, 0.1], "rotation": 270, "texture": "#0"},
				"up": {"uv": [0, 0, 0.5, 0.1], "texture": "#0"},
				"down": {"uv": [0, 0, 0.5, 0.1], "rotation": 180, "texture": "#0"}
			}
		},
		{
			"from": [8, -1.4, 4.7],
			"to": [8.5, 1, 5.5],
			"rotation": {"angle": 45, "axis": "x", "origin": [8.25, -0.34916, 5.44989]},
			"faces": {
				"north": {"uv": [0, 0, 0.5, 1.7], "rotation": 180, "texture": "#0"},
				"east": {"uv": [0, 0, 1.7, 0.1], "rotation": 90, "texture": "#0"},
				"south": {"uv": [0, 0, 0.5, 1.7], "texture": "#0"},
				"west": {"uv": [0, 0, 1.7, 0.1], "rotation": 270, "texture": "#0"},
				"up": {"uv": [0, 0, 0.5, 0.1], "texture": "#0"},
				"down": {"uv": [0, 0, 0.5, 0.1], "rotation": 180, "texture": "#0"}
			}
		},
		{
			"from": [8, 0.50624, 5.35544],
			"to": [8.5, 0.70624, 6.45544],
			"rotation": {"angle": 0, "axis": "y", "origin": [8.25, 0.55624, 5.85544]},
			"faces": {
				"north": {"uv": [0, 0, 0.5, 0.2], "texture": "#0"},
				"east": {"uv": [0, 0, 1.1, 0.2], "texture": "#0"},
				"south": {"uv": [0, 0, 0.5, 0.2], "texture": "#0"},
				"west": {"uv": [0, 0, 1.1, 0.2], "texture": "#0"},
				"up": {"uv": [0, 0, 0.5, 1.1], "texture": "#0"},
				"down": {"uv": [0, 0, 0.5, 1.1], "texture": "#0"}
			}
		},
		{
			"from": [8, 1.8, 5.8],
			"to": [8.5, 2.8, 6.9],
			"rotation": {"angle": 0, "axis": "y", "origin": [8.25, 1.8569, 6.55596]},
			"faces": {
				"north": {"uv": [0, 0, 0.5, 1], "texture": "#0"},
				"east": {"uv": [0, 0, 1.1, 1], "texture": "#0"},
				"south": {"uv": [0, 0, 0.5, 1], "texture": "#0"},
				"west": {"uv": [0, 0, 1.1, 1], "texture": "#0"},
				"up": {"uv": [0, 0, 0.5, 1.1], "texture": "#0"},
				"down": {"uv": [0, 0, 0.5, 1.1], "texture": "#0"}
			}
		},
		{
			"from": [8, 0.6, 5.5],
			"to": [8.5, 1.9, 5.6],
			"rotation": {"angle": 22.5, "axis": "x", "origin": [8.25, 1.25084, 5.54989]},
			"faces": {
				"north": {"uv": [0, 0, 0.5, 1.3], "rotation": 180, "texture": "#0"},
				"east": {"uv": [0, 0, 1.3, 0.1], "rotation": 90, "texture": "#0"},
				"south": {"uv": [0, 0, 0.5, 1.3], "texture": "#0"},
				"west": {"uv": [0, 0, 1.3, 0.1], "rotation": 270, "texture": "#0"},
				"up": {"uv": [0, 0, 0.5, 0.1], "texture": "#0"},
				"down": {"uv": [0, 0, 0.5, 0.1], "rotation": 180, "texture": "#0"}
			}
		},
		{
			"from": [8, 0.3, 5.7],
			"to": [8.5, 1.9, 6.7],
			"rotation": {"angle": 22.5, "axis": "x", "origin": [8.25, 1.25084, 6.64989]},
			"faces": {
				"north": {"uv": [0, 0, 0.5, 1.3], "rotation": 180, "texture": "#0"},
				"east": {"uv": [0, 0, 1.3, 0.1], "rotation": 90, "texture": "#0"},
				"south": {"uv": [0, 0, 0.5, 1.3], "texture": "#0"},
				"west": {"uv": [0, 0, 1.3, 0.1], "rotation": 270, "texture": "#0"},
				"up": {"uv": [0, 0, 0.5, 0.1], "texture": "#0"},
				"down": {"uv": [0, 0, 0.5, 0.1], "rotation": 180, "texture": "#0"}
			}
		},
		{
			"from": [8, 1.8, 5.7],
			"to": [8.5, 2.8, 5.8],
			"rotation": {"angle": 0, "axis": "y", "origin": [8.25, 2.15084, 5.84989]},
			"faces": {
				"north": {"uv": [0, 0, 0.5, 1], "rotation": 180, "texture": "#0"},
				"east": {"uv": [0, 0, 1, 0.1], "rotation": 90, "texture": "#0"},
				"south": {"uv": [0, 0, 0.5, 1], "texture": "#0"},
				"west": {"uv": [0, 0, 1, 0.1], "rotation": 270, "texture": "#0"},
				"up": {"uv": [0, 0, 0.5, 0.1], "texture": "#0"},
				"down": {"uv": [0, 0, 0.5, 0.1], "rotation": 180, "texture": "#0"}
			}
		},
		{
			"from": [8, 0.1, 9.6],
			"to": [8.5, 2.4, 10.6],
			"rotation": {"angle": -22.5, "axis": "x", "origin": [8.25, 1.1, 10.25]},
			"faces": {
				"north": {"uv": [0, 0, 0.5, 2.3], "texture": "#0"},
				"east": {"uv": [0, 0, 1, 2.3], "texture": "#0"},
				"south": {"uv": [0, 0, 0.5, 2.3], "texture": "#0"},
				"west": {"uv": [0, 0, 1, 2.3], "texture": "#0"},
				"up": {"uv": [0, 0, 0.5, 1], "texture": "#0"},
				"down": {"uv": [0, 0, 0.5, 1], "texture": "#0"}
			}
		},
		{
			"from": [7.9, 2.75, 5.05],
			"to": [8.6, 3.75, 7.85],
			"rotation": {"angle": 0, "axis": "y", "origin": [8.25, 1.9, 9.35]},
			"faces": {
				"north": {"uv": [0, 0, 0.7, 1], "rotation": 180, "texture": "#1"},
				"east": {"uv": [0, 0, 1, 2.8], "rotation": 90, "texture": "#1"},
				"south": {"uv": [0, 0, 0.7, 1], "texture": "#1"},
				"west": {"uv": [0, 0, 1, 2.8], "rotation": 270, "texture": "#1"},
				"up": {"uv": [0, 0, 0.7, 2.8], "texture": "#1"},
				"down": {"uv": [0, 0, 0.7, 2.8], "rotation": 180, "texture": "#1"}
			}
		},
		{
			"from": [7.9, 2.75, 7.85],
			"to": [8.6, 3.75, 9.85],
			"rotation": {"angle": 0, "axis": "y", "origin": [8.25, 1.9, 9.35]},
			"faces": {
				"north": {"uv": [0, 0, 0.7, 1], "rotation": 180, "texture": "#1"},
				"east": {"uv": [0, 0, 1, 2], "rotation": 90, "texture": "#1"},
				"south": {"uv": [0, 0, 0.7, 1], "texture": "#1"},
				"west": {"uv": [0, 0, 1, 2], "rotation": 270, "texture": "#1"},
				"up": {"uv": [0, 0, 0.7, 2], "texture": "#1"},
				"down": {"uv": [0, 0, 0.7, 2], "rotation": 180, "texture": "#1"}
			}
		},
		{
			"from": [8.1, 4.15, 7.45],
			"to": [8.4, 4.25, 9.95],
			"rotation": {"angle": 0, "axis": "y", "origin": [8.25, 2.4, 9.35]},
			"faces": {
				"north": {"uv": [0, 0, 0.3, 0.1], "rotation": 180, "texture": "#1"},
				"east": {"uv": [0, 0, 0.1, 2.5], "rotation": 90, "texture": "#1"},
				"south": {"uv": [0, 0, 0.3, 0.1], "texture": "#1"},
				"west": {"uv": [0, 0, 0.1, 2.5], "rotation": 270, "texture": "#1"},
				"up": {"uv": [0, 0, 0.3, 2.5], "texture": "#1"},
				"down": {"uv": [0, 0, 0.3, 2.5], "rotation": 180, "texture": "#1"}
			}
		},
		{
			"from": [8.1, 4.15, 6.05],
			"to": [8.4, 4.25, 7.45],
			"rotation": {"angle": 0, "axis": "y", "origin": [8.25, 2.4, 7.95]},
			"faces": {
				"north": {"uv": [0, 0, 0.3, 0.1], "rotation": 180, "texture": "#1"},
				"east": {"uv": [0, 0, 0.1, 1.4], "rotation": 90, "texture": "#1"},
				"south": {"uv": [0, 0, 0.3, 0.1], "texture": "#1"},
				"west": {"uv": [0, 0, 0.1, 1.4], "rotation": 270, "texture": "#1"},
				"up": {"uv": [0, 0, 0.3, 1.4], "texture": "#1"},
				"down": {"uv": [0, 0, 0.3, 1.4], "rotation": 180, "texture": "#1"}
			}
		},
		{
			"from": [8, 3.75, 7.45],
			"to": [8.5, 4.15, 9.85],
			"rotation": {"angle": 0, "axis": "y", "origin": [8.25, 2.4, 9.35]},
			"faces": {
				"north": {"uv": [0, 0, 0.5, 0.4], "rotation": 180, "texture": "#1"},
				"east": {"uv": [0, 0, 0.4, 2.4], "rotation": 90, "texture": "#1"},
				"south": {"uv": [0, 0, 0.5, 0.4], "texture": "#1"},
				"west": {"uv": [0, 0, 0.4, 2.4], "rotation": 270, "texture": "#1"},
				"up": {"uv": [0, 0, 0.5, 2.4], "texture": "#1"},
				"down": {"uv": [0, 0, 0.5, 2.4], "rotation": 180, "texture": "#1"}
			}
		},
		{
			"from": [8.07, 3.75, 6.05],
			"to": [8.47, 4.05, 7.45],
			"rotation": {"angle": 0, "axis": "y", "origin": [8.25, 2.4, 7.95]},
			"faces": {
				"north": {"uv": [0, 0, 0.4, 0.3], "rotation": 180, "texture": "#2"},
				"east": {"uv": [0, 0, 0.3, 1.4], "rotation": 90, "texture": "#2"},
				"south": {"uv": [0, 0, 0.4, 0.3], "texture": "#2"},
				"west": {"uv": [0, 0, 0.3, 1.4], "rotation": 270, "texture": "#2"},
				"up": {"uv": [0, 0, 0.4, 1.4], "texture": "#2"},
				"down": {"uv": [0, 0, 0.4, 1.4], "rotation": 180, "texture": "#2"}
			}
		},
		{
			"from": [8, 3.75, 6.05],
			"to": [8.4, 4.15, 7.45],
			"rotation": {"angle": 0, "axis": "y", "origin": [8.25, 2.5, 7.95]},
			"faces": {
				"north": {"uv": [0, 0, 0.4, 0.4], "rotation": 180, "texture": "#1"},
				"east": {"uv": [0, 0, 0.4, 1.4], "rotation": 90, "texture": "#1"},
				"south": {"uv": [0, 0, 0.4, 0.4], "texture": "#1"},
				"west": {"uv": [0, 0, 0.4, 1.4], "rotation": 270, "texture": "#1"},
				"up": {"uv": [0, 0, 0.4, 1.4], "texture": "#1"},
				"down": {"uv": [0, 0, 0.4, 1.4], "rotation": 180, "texture": "#1"}
			}
		},
		{
			"from": [8.47, 3.85, 6.1],
			"to": [8.87, 4.05, 6.2],
			"rotation": {"angle": 0, "axis": "y", "origin": [8.67, 3.95, 6.15]},
			"faces": {
				"north": {"uv": [0, 0, 0.4, 0.2], "rotation": 180, "texture": "#2"},
				"east": {"uv": [0, 0, 0.2, 0.1], "rotation": 90, "texture": "#2"},
				"south": {"uv": [0, 0, 0.4, 0.2], "texture": "#2"},
				"west": {"uv": [0, 0, 0.2, 0.1], "rotation": 270, "texture": "#2"},
				"up": {"uv": [0, 0, 0.4, 0.1], "texture": "#2"},
				"down": {"uv": [0, 0, 0.4, 0.1], "rotation": 180, "texture": "#2"}
			}
		},
		{
			"from": [8.4, 3.75, 6.05],
			"to": [8.5, 3.85, 7.45],
			"rotation": {"angle": 0, "axis": "y", "origin": [8.35, 2.4, 7.95]},
			"faces": {
				"north": {"uv": [0, 0, 0.1, 0.1], "rotation": 180, "texture": "#1"},
				"east": {"uv": [0, 0, 0.1, 1.4], "rotation": 90, "texture": "#1"},
				"south": {"uv": [0, 0, 0.1, 0.1], "texture": "#1"},
				"west": {"uv": [0, 0, 0.1, 1.4], "rotation": 270, "texture": "#1"},
				"up": {"uv": [0, 0, 0.1, 1.4], "texture": "#1"},
				"down": {"uv": [0, 0, 0.1, 1.4], "rotation": 180, "texture": "#1"}
			}
		},
		{
			"from": [8, 3.75, 4.55],
			"to": [8.5, 4.25, 6.05],
			"rotation": {"angle": 0, "axis": "y", "origin": [8.25, 2.4, 6.55]},
			"faces": {
				"north": {"uv": [0, 0, 0.5, 0.5], "rotation": 180, "texture": "#1"},
				"east": {"uv": [0, 0, 0.5, 1.5], "rotation": 90, "texture": "#1"},
				"south": {"uv": [0, 0, 0.5, 0.5], "texture": "#1"},
				"west": {"uv": [0, 0, 0.5, 1.5], "rotation": 270, "texture": "#1"},
				"up": {"uv": [0, 0, 0.5, 1.5], "texture": "#1"},
				"down": {"uv": [0, 0, 0.5, 1.5], "rotation": 180, "texture": "#1"}
			}
		},
		{
			"from": [8.3, 4.25, 4.55],
			"to": [8.5, 4.35, 6.05],
			"rotation": {"angle": 0, "axis": "y", "origin": [8.25, 2, 9.35]},
			"faces": {
				"north": {"uv": [0, 0, 0.2, 0.1], "rotation": 180, "texture": "#1"},
				"east": {"uv": [0, 0, 0.1, 1.5], "rotation": 90, "texture": "#1"},
				"south": {"uv": [0, 0, 0.2, 0.1], "texture": "#1"},
				"west": {"uv": [0, 0, 0.1, 1.5], "rotation": 270, "texture": "#1"},
				"up": {"uv": [0, 0, 0.2, 1.5], "texture": "#1"},
				"down": {"uv": [0, 0, 0.2, 1.5], "rotation": 180, "texture": "#1"}
			}
		},
		{
			"from": [8.2, 4.25, 4.55],
			"to": [8.3, 4.3, 6.05],
			"rotation": {"angle": 0, "axis": "y", "origin": [8.15, 2, 9.35]},
			"faces": {
				"north": {"uv": [0, 0, 0.1, 0.05], "rotation": 180, "texture": "#1"},
				"east": {"uv": [0, 0, 0.05, 1.5], "rotation": 90, "texture": "#1"},
				"south": {"uv": [0, 0, 0.1, 0.05], "texture": "#1"},
				"west": {"uv": [0, 0, 0.05, 1.5], "rotation": 270, "texture": "#1"},
				"up": {"uv": [0, 0, 0.1, 1.5], "texture": "#1"},
				"down": {"uv": [0, 0, 0.1, 1.5], "rotation": 180, "texture": "#1"}
			}
		},
		{
			"from": [8, 4.25, 4.55],
			"to": [8.2, 4.35, 6.05],
			"rotation": {"angle": 0, "axis": "y", "origin": [8.25, 2, 9.35]},
			"faces": {
				"north": {"uv": [0, 0, 0.2, 0.1], "rotation": 180, "texture": "#1"},
				"east": {"uv": [0, 0, 0.1, 1.5], "rotation": 90, "texture": "#1"},
				"south": {"uv": [0, 0, 0.2, 0.1], "texture": "#1"},
				"west": {"uv": [0, 0, 0.1, 1.5], "rotation": 270, "texture": "#1"},
				"up": {"uv": [0, 0, 0.2, 1.5], "texture": "#1"},
				"down": {"uv": [0, 0, 0.2, 1.5], "rotation": 180, "texture": "#1"}
			}
		},
		{
			"from": [8, 3.88, 2.75],
			"to": [8.5, 4.13, 4.55],
			"rotation": {"angle": 0, "axis": "y", "origin": [8.25, 1.9, 4.55]},
			"faces": {
				"north": {"uv": [0, 0, 0.5, 0.25], "rotation": 180, "texture": "#0"},
				"east": {"uv": [0, 0, 0.25, 1.8], "rotation": 90, "texture": "#0"},
				"south": {"uv": [0, 0, 0.5, 0.25], "texture": "#0"},
				"west": {"uv": [0, 0, 0.25, 1.8], "rotation": 270, "texture": "#0"},
				"up": {"uv": [0, 0, 0.5, 1.8], "texture": "#0"},
				"down": {"uv": [0, 0, 0.5, 1.8], "rotation": 180, "texture": "#0"}
			}
		},
		{
			"from": [8.1, 4.05, 2.75],
			"to": [8.4, 4.25, 4.55],
			"rotation": {"angle": 0, "axis": "y", "origin": [8.25, 2.2, 4.55]},
			"faces": {
				"north": {"uv": [0, 0, 0.3, 0.2], "rotation": 180, "texture": "#0"},
				"east": {"uv": [0, 0, 0.2, 1.8], "rotation": 90, "texture": "#0"},
				"south": {"uv": [0, 0, 0.3, 0.2], "texture": "#0"},
				"west": {"uv": [0, 0, 0.2, 1.8], "rotation": 270, "texture": "#0"},
				"up": {"uv": [0, 0, 0.3, 1.8], "texture": "#0"},
				"down": {"uv": [0, 0, 0.3, 1.8], "rotation": 180, "texture": "#0"}
			}
		},
		{
			"from": [8.1, 3.85, 1.45],
			"to": [8.4, 4.15, 2.75],
			"rotation": {"angle": 0, "axis": "y", "origin": [8.25, 1.9, 2.25]},
			"faces": {
				"north": {"uv": [0, 0, 0.3, 0.3], "rotation": 180, "texture": "#1"},
				"east": {"uv": [0, 0, 0.3, 1.3], "rotation": 90, "texture": "#1"},
				"south": {"uv": [0, 0, 0.3, 0.3], "texture": "#1"},
				"west": {"uv": [0, 0, 0.3, 1.3], "rotation": 270, "texture": "#1"},
				"up": {"uv": [0, 0, 0.3, 1.3], "texture": "#1"},
				"down": {"uv": [0, 0, 0.3, 1.3], "rotation": 180, "texture": "#1"}
			}
		},
		{
			"from": [8.1, 3.95, 0.95],
			"to": [8.4, 4.25, 1.55],
			"rotation": {"angle": -45, "axis": "x", "origin": [8.25, 4.1, 1.6]},
			"faces": {
				"north": {"uv": [0, 0, 0.3, 0.3], "rotation": 180, "texture": "#1"},
				"east": {"uv": [0, 0, 0.3, 0.6], "rotation": 90, "texture": "#1"},
				"south": {"uv": [0, 0, 0.3, 0.3], "texture": "#1"},
				"west": {"uv": [0, 0, 0.3, 0.6], "rotation": 270, "texture": "#1"},
				"up": {"uv": [0, 0, 0.3, 0.6], "texture": "#1"},
				"down": {"uv": [0, 0, 0.3, 0.6], "rotation": 180, "texture": "#1"}
			}
		},
		{
			"from": [8, 0, 5],
			"to": [8.5, 1, 5.1],
			"rotation": {"angle": 45, "axis": "x", "origin": [8.25, 0.35084, 5.04989]},
			"faces": {
				"north": {"uv": [0, 0, 0.5, 1], "rotation": 180, "texture": "#0"},
				"east": {"uv": [0, 0, 1, 0.1], "rotation": 90, "texture": "#0"},
				"south": {"uv": [0, 0, 0.5, 1], "texture": "#0"},
				"west": {"uv": [0, 0, 1, 0.1], "rotation": 270, "texture": "#0"},
				"up": {"uv": [0, 0, 0.5, 0.1], "texture": "#0"},
				"down": {"uv": [0, 0, 0.5, 0.1], "rotation": 180, "texture": "#0"}
			}
		},
		{
			"from": [8.1, 3.45, -0.25],
			"to": [8.4, 3.75, 2.75],
			"rotation": {"angle": 0, "axis": "y", "origin": [8.25, 1.5, 2.25]},
			"faces": {
				"north": {"uv": [0, 0, 0.3, 0.3], "rotation": 180, "texture": "#1"},
				"east": {"uv": [0, 0, 0.3, 3], "rotation": 90, "texture": "#1"},
				"south": {"uv": [0, 0, 0.3, 0.3], "texture": "#1"},
				"west": {"uv": [0, 0, 0.3, 3], "rotation": 270, "texture": "#1"},
				"up": {"uv": [0, 0, 0.3, 3], "texture": "#1"},
				"down": {"uv": [0, 0, 0.3, 3], "rotation": 180, "texture": "#1"}
			}
		},
		{
			"from": [8, 3.45, -2.05],
			"to": [8.5, 3.95, -0.55],
			"rotation": {"angle": 0, "axis": "y", "origin": [8.25, 1.5, -1.05]},
			"faces": {
				"north": {"uv": [0, 0, 0.5, 0.5], "rotation": 180, "texture": "#1"},
				"east": {"uv": [0, 0, 0.5, 1.5], "rotation": 90, "texture": "#1"},
				"south": {"uv": [0, 0, 0.5, 0.5], "texture": "#1"},
				"west": {"uv": [0, 0, 0.5, 1.5], "rotation": 270, "texture": "#1"},
				"up": {"uv": [0, 0, 0.5, 1.5], "texture": "#1"},
				"down": {"uv": [0, 0, 0.5, 1.5], "rotation": 180, "texture": "#1"}
			}
		},
		{
			"from": [8.1, 3.45, -0.55],
			"to": [8.4, 4.35, -0.25],
			"rotation": {"angle": 0, "axis": "y", "origin": [8.25, 1.5, -0.75]},
			"faces": {
				"north": {"uv": [0, 0, 0.3, 0.9], "rotation": 180, "texture": "#1"},
				"east": {"uv": [0, 0, 0.9, 0.3], "rotation": 90, "texture": "#1"},
				"south": {"uv": [0, 0, 0.3, 0.9], "texture": "#1"},
				"west": {"uv": [0, 0, 0.9, 0.3], "rotation": 270, "texture": "#1"},
				"up": {"uv": [0, 0, 0.3, 0.3], "texture": "#1"},
				"down": {"uv": [0, 0, 0.3, 0.3], "rotation": 180, "texture": "#1"}
			}
		},
		{
			"from": [8.1, 3.65, -0.45],
			"to": [8.4, 4.35, -0.15],
			"rotation": {"angle": -22.5, "axis": "x", "origin": [8.25, 4.15, -0.15]},
			"faces": {
				"north": {"uv": [0, 0, 0.3, 0.7], "rotation": 180, "texture": "#1"},
				"east": {"uv": [0, 0, 0.7, 0.3], "rotation": 90, "texture": "#1"},
				"south": {"uv": [0, 0, 0.3, 0.7], "texture": "#1"},
				"west": {"uv": [0, 0, 0.7, 0.3], "rotation": 270, "texture": "#1"},
				"up": {"uv": [0, 0, 0.3, 0.3], "texture": "#1"},
				"down": {"uv": [0, 0, 0.3, 0.3], "rotation": 180, "texture": "#1"}
			}
		},
		{
			"from": [8.1, 3.15, 3.45],
			"to": [8.4, 3.2, 5.05],
			"rotation": {"angle": 0, "axis": "y", "origin": [8.25, 0.8, 4.55]},
			"faces": {
				"north": {"uv": [0, 0, 0.3, 0.05], "rotation": 180, "texture": "#0"},
				"east": {"uv": [0, 0, 0.05, 1.6], "rotation": 90, "texture": "#0"},
				"south": {"uv": [0, 0, 0.3, 0.05], "texture": "#0"},
				"west": {"uv": [0, 0, 0.05, 1.6], "rotation": 270, "texture": "#0"},
				"up": {"uv": [0, 0, 0.3, 1.6], "texture": "#0"},
				"down": {"uv": [0, 0, 0.3, 1.6], "rotation": 180, "texture": "#0"}
			}
		},
		{
			"from": [8.1, 3.65, 2.75],
			"to": [8.4, 3.78, 5.05],
			"rotation": {"angle": 0, "axis": "y", "origin": [8.25, 1.3, 4.55]},
			"faces": {
				"north": {"uv": [0, 0, 0.3, 0.13], "rotation": 180, "texture": "#0"},
				"east": {"uv": [0, 0, 0.13, 2.3], "rotation": 90, "texture": "#0"},
				"south": {"uv": [0, 0, 0.3, 0.13], "texture": "#0"},
				"west": {"uv": [0, 0, 0.13, 2.3], "rotation": 270, "texture": "#0"},
				"up": {"uv": [0, 0, 0.3, 2.3], "texture": "#0"},
				"down": {"uv": [0, 0, 0.3, 2.3], "rotation": 180, "texture": "#0"}
			}
		},
		{
			"from": [8.1, 3.83, 2.75],
			"to": [8.4, 3.98, 4.55],
			"rotation": {"angle": 0, "axis": "y", "origin": [8.25, 1.5, 4.55]},
			"faces": {
				"north": {"uv": [0, 0, 0.3, 0.15], "rotation": 180, "texture": "#0"},
				"east": {"uv": [0, 0, 0.15, 1.8], "rotation": 90, "texture": "#0"},
				"south": {"uv": [0, 0, 0.3, 0.15], "texture": "#0"},
				"west": {"uv": [0, 0, 0.15, 1.8], "rotation": 270, "texture": "#0"},
				"up": {"uv": [0, 0, 0.3, 1.8], "texture": "#0"},
				"down": {"uv": [0, 0, 0.3, 1.8], "rotation": 180, "texture": "#0"}
			}
		},
		{
			"from": [8, 3.2, 3.45],
			"to": [8.5, 3.7, 4.55],
			"rotation": {"angle": 0, "axis": "y", "origin": [8.25, 1.4, 4.55]},
			"faces": {
				"north": {"uv": [0, 0, 0.5, 0.5], "rotation": 180, "texture": "#0"},
				"east": {"uv": [0, 0, 0.5, 1.1], "rotation": 90, "texture": "#0"},
				"south": {"uv": [0, 0, 0.5, 0.5], "texture": "#0"},
				"west": {"uv": [0, 0, 0.5, 1.1], "rotation": 270, "texture": "#0"},
				"up": {"uv": [0, 0, 0.5, 1.1], "texture": "#0"},
				"down": {"uv": [0, 0, 0.5, 1.1], "rotation": 180, "texture": "#0"}
			}
		},
		{
			"from": [8.1, 3.2, 4.55],
			"to": [8.4, 3.7, 5.05],
			"rotation": {"angle": 0, "axis": "y", "origin": [8.25, 1.4, 5.05]},
			"faces": {
				"north": {"uv": [0, 0, 0.3, 0.5], "rotation": 180, "texture": "#0"},
				"east": {"uv": [0, 0, 0.5, 0.5], "rotation": 90, "texture": "#0"},
				"south": {"uv": [0, 0, 0.3, 0.5], "texture": "#0"},
				"west": {"uv": [0, 0, 0.5, 0.5], "rotation": 270, "texture": "#0"},
				"up": {"uv": [0, 0, 0.3, 0.5], "texture": "#0"},
				"down": {"uv": [0, 0, 0.3, 0.5], "rotation": 180, "texture": "#0"}
			}
		},
		{
			"from": [8, 3.65, 4.55],
			"to": [8.1, 3.7, 5.05],
			"rotation": {"angle": 0, "axis": "y", "origin": [8.15, 1.4, 5.05]},
			"faces": {
				"north": {"uv": [0, 0, 0.1, 0.05], "rotation": 180, "texture": "#0"},
				"east": {"uv": [0, 0, 0.05, 0.5], "rotation": 90, "texture": "#0"},
				"south": {"uv": [0, 0, 0.1, 0.05], "texture": "#0"},
				"west": {"uv": [0, 0, 0.05, 0.5], "rotation": 270, "texture": "#0"},
				"up": {"uv": [0, 0, 0.1, 0.5], "texture": "#0"},
				"down": {"uv": [0, 0, 0.1, 0.5], "rotation": 180, "texture": "#0"}
			}
		},
		{
			"from": [8, 3.55, 4.55],
			"to": [8.1, 3.6, 5.05],
			"rotation": {"angle": 0, "axis": "y", "origin": [8.15, 1.3, 5.05]},
			"faces": {
				"north": {"uv": [0, 0, 0.1, 0.05], "rotation": 180, "texture": "#0"},
				"east": {"uv": [0, 0, 0.05, 0.5], "rotation": 90, "texture": "#0"},
				"south": {"uv": [0, 0, 0.1, 0.05], "texture": "#0"},
				"west": {"uv": [0, 0, 0.05, 0.5], "rotation": 270, "texture": "#0"},
				"up": {"uv": [0, 0, 0.1, 0.5], "texture": "#0"},
				"down": {"uv": [0, 0, 0.1, 0.5], "rotation": 180, "texture": "#0"}
			}
		},
		{
			"from": [8, 3.45, 4.55],
			"to": [8.1, 3.5, 5.05],
			"rotation": {"angle": 0, "axis": "y", "origin": [8.15, 1.2, 5.05]},
			"faces": {
				"north": {"uv": [0, 0, 0.1, 0.05], "rotation": 180, "texture": "#0"},
				"east": {"uv": [0, 0, 0.05, 0.5], "rotation": 90, "texture": "#0"},
				"south": {"uv": [0, 0, 0.1, 0.05], "texture": "#0"},
				"west": {"uv": [0, 0, 0.05, 0.5], "rotation": 270, "texture": "#0"},
				"up": {"uv": [0, 0, 0.1, 0.5], "texture": "#0"},
				"down": {"uv": [0, 0, 0.1, 0.5], "rotation": 180, "texture": "#0"}
			}
		},
		{
			"from": [8, 3.35, 4.55],
			"to": [8.1, 3.4, 5.05],
			"rotation": {"angle": 0, "axis": "y", "origin": [8.15, 1.1, 5.05]},
			"faces": {
				"north": {"uv": [0, 0, 0.1, 0.05], "rotation": 180, "texture": "#0"},
				"east": {"uv": [0, 0, 0.05, 0.5], "rotation": 90, "texture": "#0"},
				"south": {"uv": [0, 0, 0.1, 0.05], "texture": "#0"},
				"west": {"uv": [0, 0, 0.05, 0.5], "rotation": 270, "texture": "#0"},
				"up": {"uv": [0, 0, 0.1, 0.5], "texture": "#0"},
				"down": {"uv": [0, 0, 0.1, 0.5], "rotation": 180, "texture": "#0"}
			}
		},
		{
			"from": [8, 3.2, 4.55],
			"to": [8.1, 3.3, 5.05],
			"rotation": {"angle": 0, "axis": "y", "origin": [8.15, 0.9, 5.05]},
			"faces": {
				"north": {"uv": [0, 0, 0.1, 0.1], "rotation": 180, "texture": "#0"},
				"east": {"uv": [0, 0, 0.1, 0.5], "rotation": 90, "texture": "#0"},
				"south": {"uv": [0, 0, 0.1, 0.1], "texture": "#0"},
				"west": {"uv": [0, 0, 0.1, 0.5], "rotation": 270, "texture": "#0"},
				"up": {"uv": [0, 0, 0.1, 0.5], "texture": "#0"},
				"down": {"uv": [0, 0, 0.1, 0.5], "rotation": 180, "texture": "#0"}
			}
		},
		{
			"from": [8.05, 3.6, 4.55],
			"to": [8.1, 3.65, 5.05],
			"rotation": {"angle": 0, "axis": "y", "origin": [8.15, 1.3, 5.05]},
			"faces": {
				"north": {"uv": [0, 0, 0.05, 0.05], "rotation": 180, "texture": "#0"},
				"east": {"uv": [0, 0, 0.05, 0.5], "rotation": 90, "texture": "#0"},
				"south": {"uv": [0, 0, 0.05, 0.05], "texture": "#0"},
				"west": {"uv": [0, 0, 0.05, 0.5], "rotation": 270, "texture": "#0"},
				"up": {"uv": [0, 0, 0.05, 0.5], "texture": "#0"},
				"down": {"uv": [0, 0, 0.05, 0.5], "rotation": 180, "texture": "#0"}
			}
		},
		{
			"from": [8.05, 3.5, 4.55],
			"to": [8.1, 3.55, 5.05],
			"rotation": {"angle": 0, "axis": "y", "origin": [8.15, 1.2, 5.05]},
			"faces": {
				"north": {"uv": [0, 0, 0.05, 0.05], "rotation": 180, "texture": "#0"},
				"east": {"uv": [0, 0, 0.05, 0.5], "rotation": 90, "texture": "#0"},
				"south": {"uv": [0, 0, 0.05, 0.05], "texture": "#0"},
				"west": {"uv": [0, 0, 0.05, 0.5], "rotation": 270, "texture": "#0"},
				"up": {"uv": [0, 0, 0.05, 0.5], "texture": "#0"},
				"down": {"uv": [0, 0, 0.05, 0.5], "rotation": 180, "texture": "#0"}
			}
		},
		{
			"from": [8.05, 3.4, 4.55],
			"to": [8.1, 3.45, 5.05],
			"rotation": {"angle": 0, "axis": "y", "origin": [8.15, 1.1, 5.05]},
			"faces": {
				"north": {"uv": [0, 0, 0.05, 0.05], "rotation": 180, "texture": "#0"},
				"east": {"uv": [0, 0, 0.05, 0.5], "rotation": 90, "texture": "#0"},
				"south": {"uv": [0, 0, 0.05, 0.05], "texture": "#0"},
				"west": {"uv": [0, 0, 0.05, 0.5], "rotation": 270, "texture": "#0"},
				"up": {"uv": [0, 0, 0.05, 0.5], "texture": "#0"},
				"down": {"uv": [0, 0, 0.05, 0.5], "rotation": 180, "texture": "#0"}
			}
		},
		{
			"from": [8.05, 3.3, 4.55],
			"to": [8.1, 3.35, 5.05],
			"rotation": {"angle": 0, "axis": "y", "origin": [8.15, 1, 5.05]},
			"faces": {
				"north": {"uv": [0, 0, 0.05, 0.05], "rotation": 180, "texture": "#0"},
				"east": {"uv": [0, 0, 0.05, 0.5], "rotation": 90, "texture": "#0"},
				"south": {"uv": [0, 0, 0.05, 0.05], "texture": "#0"},
				"west": {"uv": [0, 0, 0.05, 0.5], "rotation": 270, "texture": "#0"},
				"up": {"uv": [0, 0, 0.05, 0.5], "texture": "#0"},
				"down": {"uv": [0, 0, 0.05, 0.5], "rotation": 180, "texture": "#0"}
			}
		},
		{
			"from": [8.4, 3.2, 4.55],
			"to": [8.5, 3.3, 5.05],
			"rotation": {"angle": 0, "axis": "y", "origin": [8.4625, 3.4625, 4.8]},
			"faces": {
				"north": {"uv": [0, 0, 0.1, 0.1], "texture": "#0"},
				"east": {"uv": [0, 0, 0.1, 0.5], "rotation": 270, "texture": "#0"},
				"south": {"uv": [0, 0, 0.1, 0.1], "rotation": 180, "texture": "#0"},
				"west": {"uv": [0, 0, 0.1, 0.5], "rotation": 90, "texture": "#0"},
				"up": {"uv": [0, 0, 0.1, 0.5], "rotation": 180, "texture": "#0"},
				"down": {"uv": [0, 0, 0.1, 0.5], "texture": "#0"}
			}
		},
		{
			"from": [8.4, 3.35, 4.55],
			"to": [8.5, 3.4, 5.05],
			"rotation": {"angle": 0, "axis": "y", "origin": [8.4625, 3.4625, 4.8]},
			"faces": {
				"north": {"uv": [0, 0, 0.1, 0.05], "texture": "#0"},
				"east": {"uv": [0, 0, 0.05, 0.5], "rotation": 270, "texture": "#0"},
				"south": {"uv": [0, 0, 0.1, 0.05], "rotation": 180, "texture": "#0"},
				"west": {"uv": [0, 0, 0.05, 0.5], "rotation": 90, "texture": "#0"},
				"up": {"uv": [0, 0, 0.1, 0.5], "rotation": 180, "texture": "#0"},
				"down": {"uv": [0, 0, 0.1, 0.5], "texture": "#0"}
			}
		},
		{
			"from": [8.4, 3.3, 4.55],
			"to": [8.45, 3.35, 5.05],
			"rotation": {"angle": 0, "axis": "y", "origin": [8.4625, 3.4625, 4.8]},
			"faces": {
				"north": {"uv": [0, 0, 0.05, 0.05], "texture": "#0"},
				"east": {"uv": [0, 0, 0.05, 0.5], "rotation": 270, "texture": "#0"},
				"south": {"uv": [0, 0, 0.05, 0.05], "rotation": 180, "texture": "#0"},
				"west": {"uv": [0, 0, 0.05, 0.5], "rotation": 90, "texture": "#0"},
				"up": {"uv": [0, 0, 0.05, 0.5], "rotation": 180, "texture": "#0"},
				"down": {"uv": [0, 0, 0.05, 0.5], "texture": "#0"}
			}
		},
		{
			"from": [8.4, 3.4, 4.55],
			"to": [8.45, 3.45, 5.05],
			"rotation": {"angle": 0, "axis": "y", "origin": [8.4625, 3.4625, 4.8]},
			"faces": {
				"north": {"uv": [0, 0, 0.05, 0.05], "texture": "#0"},
				"east": {"uv": [0, 0, 0.05, 0.5], "rotation": 270, "texture": "#0"},
				"south": {"uv": [0, 0, 0.05, 0.05], "rotation": 180, "texture": "#0"},
				"west": {"uv": [0, 0, 0.05, 0.5], "rotation": 90, "texture": "#0"},
				"up": {"uv": [0, 0, 0.05, 0.5], "rotation": 180, "texture": "#0"},
				"down": {"uv": [0, 0, 0.05, 0.5], "texture": "#0"}
			}
		},
		{
			"from": [8.4, 3.45, 4.55],
			"to": [8.5, 3.5, 5.05],
			"rotation": {"angle": 0, "axis": "y", "origin": [8.4625, 3.4625, 4.8]},
			"faces": {
				"north": {"uv": [0, 0, 0.1, 0.05], "texture": "#0"},
				"east": {"uv": [0, 0, 0.05, 0.5], "rotation": 270, "texture": "#0"},
				"south": {"uv": [0, 0, 0.1, 0.05], "rotation": 180, "texture": "#0"},
				"west": {"uv": [0, 0, 0.05, 0.5], "rotation": 90, "texture": "#0"},
				"up": {"uv": [0, 0, 0.1, 0.5], "rotation": 180, "texture": "#0"},
				"down": {"uv": [0, 0, 0.1, 0.5], "texture": "#0"}
			}
		},
		{
			"from": [8.4, 3.55, 4.55],
			"to": [8.5, 3.6, 5.05],
			"rotation": {"angle": 0, "axis": "y", "origin": [8.4625, 3.4625, 4.8]},
			"faces": {
				"north": {"uv": [0, 0, 0.1, 0.05], "texture": "#0"},
				"east": {"uv": [0, 0, 0.05, 0.5], "rotation": 270, "texture": "#0"},
				"south": {"uv": [0, 0, 0.1, 0.05], "rotation": 180, "texture": "#0"},
				"west": {"uv": [0, 0, 0.05, 0.5], "rotation": 90, "texture": "#0"},
				"up": {"uv": [0, 0, 0.1, 0.5], "rotation": 180, "texture": "#0"},
				"down": {"uv": [0, 0, 0.1, 0.5], "texture": "#0"}
			}
		},
		{
			"from": [8.4, 3.5, 4.55],
			"to": [8.45, 3.55, 5.05],
			"rotation": {"angle": 0, "axis": "y", "origin": [8.4625, 3.4625, 4.8]},
			"faces": {
				"north": {"uv": [0, 0, 0.05, 0.05], "texture": "#0"},
				"east": {"uv": [0, 0, 0.05, 0.5], "rotation": 270, "texture": "#0"},
				"south": {"uv": [0, 0, 0.05, 0.05], "rotation": 180, "texture": "#0"},
				"west": {"uv": [0, 0, 0.05, 0.5], "rotation": 90, "texture": "#0"},
				"up": {"uv": [0, 0, 0.05, 0.5], "rotation": 180, "texture": "#0"},
				"down": {"uv": [0, 0, 0.05, 0.5], "texture": "#0"}
			}
		},
		{
			"from": [8.4, 3.65, 4.55],
			"to": [8.5, 3.7, 5.05],
			"rotation": {"angle": 0, "axis": "y", "origin": [8.4625, 3.4625, 4.8]},
			"faces": {
				"north": {"uv": [0, 0, 0.1, 0.05], "texture": "#0"},
				"east": {"uv": [0, 0, 0.05, 0.5], "rotation": 270, "texture": "#0"},
				"south": {"uv": [0, 0, 0.1, 0.05], "rotation": 180, "texture": "#0"},
				"west": {"uv": [0, 0, 0.05, 0.5], "rotation": 90, "texture": "#0"},
				"up": {"uv": [0, 0, 0.1, 0.5], "rotation": 180, "texture": "#0"},
				"down": {"uv": [0, 0, 0.1, 0.5], "texture": "#0"}
			}
		},
		{
			"from": [8.4, 3.6, 4.55],
			"to": [8.45, 3.65, 5.05],
			"rotation": {"angle": 0, "axis": "y", "origin": [8.4625, 3.4625, 4.8]},
			"faces": {
				"north": {"uv": [0, 0, 0.05, 0.05], "texture": "#0"},
				"east": {"uv": [0, 0, 0.05, 0.5], "rotation": 270, "texture": "#0"},
				"south": {"uv": [0, 0, 0.05, 0.05], "rotation": 180, "texture": "#0"},
				"west": {"uv": [0, 0, 0.05, 0.5], "rotation": 90, "texture": "#0"},
				"up": {"uv": [0, 0, 0.05, 0.5], "rotation": 180, "texture": "#0"},
				"down": {"uv": [0, 0, 0.05, 0.5], "texture": "#0"}
			}
		},
		{
			"from": [8, 3.3, 2.75],
			"to": [8.5, 3.7, 3.45],
			"rotation": {"angle": 0, "axis": "y", "origin": [8.25, 1.4, 3.85]},
			"faces": {
				"north": {"uv": [0, 0, 0.5, 0.4], "rotation": 180, "texture": "#0"},
				"east": {"uv": [0, 0, 0.4, 0.7], "rotation": 90, "texture": "#0"},
				"south": {"uv": [0, 0, 0.5, 0.4], "texture": "#0"},
				"west": {"uv": [0, 0, 0.4, 0.7], "rotation": 270, "texture": "#0"},
				"up": {"uv": [0, 0, 0.5, 0.7], "texture": "#0"},
				"down": {"uv": [0, 0, 0.5, 0.7], "rotation": 180, "texture": "#0"}
			}
		},
		{
			"from": [8.1, 3.25, 2.75],
			"to": [8.4, 3.3, 3.45],
			"rotation": {"angle": 0, "axis": "y", "origin": [8.25, 0.9, 3.85]},
			"faces": {
				"north": {"uv": [0, 0, 0.3, 0.05], "rotation": 180, "texture": "#0"},
				"east": {"uv": [0, 0, 0.05, 0.7], "rotation": 90, "texture": "#0"},
				"south": {"uv": [0, 0, 0.3, 0.05], "texture": "#0"},
				"west": {"uv": [0, 0, 0.05, 0.7], "rotation": 270, "texture": "#0"},
				"up": {"uv": [0, 0, 0.3, 0.7], "texture": "#0"},
				"down": {"uv": [0, 0, 0.3, 0.7], "rotation": 180, "texture": "#0"}
			}
		},
		{
			"from": [7.9, 1.95, 9.15],
			"to": [8.6, 3.75, 10.35],
			"rotation": {"angle": 0, "axis": "y", "origin": [8.25, 1.9, 9.85]},
			"faces": {
				"north": {"uv": [0, 0, 0.7, 1.8], "rotation": 180, "texture": "#1"},
				"east": {"uv": [0, 0, 1.8, 1.2], "rotation": 90, "texture": "#1"},
				"south": {"uv": [0, 0, 0.7, 1.8], "texture": "#1"},
				"west": {"uv": [0, 0, 1.8, 1.2], "rotation": 270, "texture": "#1"},
				"up": {"uv": [0, 0, 0.7, 1.2], "texture": "#1"},
				"down": {"uv": [0, 0, 0.7, 1.2], "rotation": 180, "texture": "#1"}
			}
		},
		{
			"from": [8.1, 1.85, 7.75],
			"to": [8.4, 1.95, 9.15],
			"rotation": {"angle": 0, "axis": "y", "origin": [8.25, 2.2, 8.65]},
			"faces": {
				"north": {"uv": [0, 0, 0.3, 0.1], "rotation": 180, "texture": "#1"},
				"east": {"uv": [0, 0, 0.1, 1.4], "rotation": 90, "texture": "#1"},
				"south": {"uv": [0, 0, 0.3, 0.1], "texture": "#1"},
				"west": {"uv": [0, 0, 0.1, 1.4], "rotation": 270, "texture": "#1"},
				"up": {"uv": [0, 0, 0.3, 1.4], "texture": "#1"},
				"down": {"uv": [0, 0, 0.3, 1.4], "rotation": 180, "texture": "#1"}
			}
		},
		{
			"from": [8.1, 1.95, 7.65],
			"to": [8.4, 2.75, 7.75],
			"rotation": {"angle": 0, "axis": "y", "origin": [8.25, 2.3, 9.35]},
			"faces": {
				"north": {"uv": [0, 0, 0.3, 0.8], "rotation": 180, "texture": "#1"},
				"east": {"uv": [0, 0, 0.8, 0.1], "rotation": 90, "texture": "#1"},
				"south": {"uv": [0, 0, 0.3, 0.8], "texture": "#1"},
				"west": {"uv": [0, 0, 0.8, 0.1], "rotation": 270, "texture": "#1"},
				"up": {"uv": [0, 0, 0.3, 0.1], "texture": "#1"},
				"down": {"uv": [0, 0, 0.3, 0.1], "rotation": 180, "texture": "#1"}
			}
		},
		{
			"from": [8.2, 1.95, 8.85],
			"to": [8.3, 2.85, 9.05],
			"rotation": {"angle": 22.5, "axis": "x", "origin": [8.25, 2.4, 8.95]},
			"faces": {
				"north": {"uv": [0, 0, 0.1, 0.9], "rotation": 180, "texture": "#2"},
				"east": {"uv": [0, 0, 0.9, 0.2], "rotation": 90, "texture": "#2"},
				"south": {"uv": [0, 0, 0.1, 0.9], "texture": "#2"},
				"west": {"uv": [0, 0, 0.9, 0.2], "rotation": 270, "texture": "#2"},
				"up": {"uv": [0, 0, 0.1, 0.2], "texture": "#2"},
				"down": {"uv": [0, 0, 0.1, 0.2], "rotation": 180, "texture": "#2"}
			}
		},
		{
			"from": [8, 1.65, 7.15],
			"to": [8.5, 2.75, 7.65],
			"rotation": {"angle": 0, "axis": "y", "origin": [8.25, 1.9, 7.15]},
			"faces": {
				"north": {"uv": [0, 0, 0.5, 1.1], "rotation": 180, "texture": "#2"},
				"east": {"uv": [0, 0, 1.1, 0.5], "rotation": 90, "texture": "#2"},
				"south": {"uv": [0, 0, 0.5, 1.1], "texture": "#2"},
				"west": {"uv": [0, 0, 1.1, 0.5], "rotation": 270, "texture": "#2"},
				"up": {"uv": [0, 0, 0.5, 0.5], "texture": "#2"},
				"down": {"uv": [0, 0, 0.5, 0.5], "rotation": 180, "texture": "#2"}
			}
		},
		{
			"from": [8, 3.56163, 9.74291],
			"to": [8.5, 3.96163, 10.34291],
			"rotation": {"angle": 45, "axis": "x", "origin": [8.25, 3.81163, 10.14291]},
			"faces": {
				"north": {"uv": [0, 0, 0.5, 0.4], "rotation": 180, "texture": "#1"},
				"east": {"uv": [0, 0, 0.4, 0.6], "rotation": 90, "texture": "#1"},
				"south": {"uv": [0, 0, 0.5, 0.4], "texture": "#1"},
				"west": {"uv": [0, 0, 0.4, 0.6], "rotation": 270, "texture": "#1"},
				"up": {"uv": [0, 0, 0.5, 0.6], "texture": "#1"},
				"down": {"uv": [0, 0, 0.5, 0.6], "rotation": 180, "texture": "#1"}
			}
		},
		{
			"from": [8, 2.25, 10.35],
			"to": [8.5, 3.85, 13.85],
			"rotation": {"angle": 0, "axis": "y", "origin": [8.25, 1.9, 11.35]},
			"faces": {
				"north": {"uv": [0, 0, 0.5, 1.6], "rotation": 180, "texture": "#0"},
				"east": {"uv": [0, 0, 1.6, 3.5], "rotation": 90, "texture": "#0"},
				"south": {"uv": [0, 0, 0.5, 1.6], "texture": "#0"},
				"west": {"uv": [0, 0, 1.6, 3.5], "rotation": 270, "texture": "#0"},
				"up": {"uv": [0, 0, 0.5, 3.5], "texture": "#0"},
				"down": {"uv": [0, 0, 0.5, 3.5], "rotation": 180, "texture": "#0"}
			}
		},
		{
			"from": [8.38, 3.93, 11.35],
			"to": [8.48, 4.03, 16.85],
			"rotation": {"angle": -22.5, "axis": "z", "origin": [8.45, 4, 14.1]},
			"faces": {
				"north": {"uv": [0, 0, 0.1, 0.1], "rotation": 270, "texture": "#0"},
				"east": {"uv": [0, 0, 0.1, 5.5], "rotation": 90, "texture": "#0"},
				"south": {"uv": [0, 0, 0.1, 0.1], "rotation": 270, "texture": "#0"},
				"west": {"uv": [0, 0, 0.1, 5.5], "rotation": 270, "texture": "#0"},
				"up": {"uv": [0, 0, 0.1, 5.5], "texture": "#0"},
				"down": {"uv": [0, 0, 0.1, 5.5], "rotation": 180, "texture": "#0"}
			}
		},
		{
			"from": [8.4, 4.15, 7.45],
			"to": [8.5, 4.2, 9.95],
			"rotation": {"angle": -45, "axis": "z", "origin": [8.45, 4.2, 7.95]},
			"faces": {
				"north": {"uv": [0, 0, 0.1, 0.05], "rotation": 180, "texture": "#1"},
				"east": {"uv": [0, 0, 0.05, 2.5], "rotation": 90, "texture": "#1"},
				"south": {"uv": [0, 0, 0.1, 0.05], "texture": "#1"},
				"west": {"uv": [0, 0, 0.05, 2.5], "rotation": 270, "texture": "#1"},
				"up": {"uv": [0, 0, 0.1, 2.5], "texture": "#1"},
				"down": {"uv": [0, 0, 0.1, 2.5], "rotation": 180, "texture": "#1"}
			}
		},
		{
			"from": [8.37, 4.05, 6.05],
			"to": [8.47, 4.1, 7.45],
			"rotation": {"angle": -45, "axis": "z", "origin": [8.45, 4.1, 6.55]},
			"faces": {
				"north": {"uv": [0, 0, 0.1, 0.05], "rotation": 180, "texture": "#2"},
				"east": {"uv": [0, 0, 0.05, 1.4], "rotation": 90, "texture": "#2"},
				"south": {"uv": [0, 0, 0.1, 0.05], "texture": "#2"},
				"west": {"uv": [0, 0, 0.05, 1.4], "rotation": 270, "texture": "#2"},
				"up": {"uv": [0, 0, 0.1, 1.4], "texture": "#2"},
				"down": {"uv": [0, 0, 0.1, 1.4], "rotation": 180, "texture": "#2"}
			}
		},
		{
			"from": [8.4, 4.05, 2.75],
			"to": [8.5, 4.2, 4.55],
			"rotation": {"angle": -45, "axis": "z", "origin": [8.45, 4.2, 3.05]},
			"faces": {
				"north": {"uv": [0, 0, 0.1, 0.15], "rotation": 180, "texture": "#0"},
				"east": {"uv": [0, 0, 0.15, 1.8], "rotation": 90, "texture": "#0"},
				"south": {"uv": [0, 0, 0.1, 0.15], "texture": "#0"},
				"west": {"uv": [0, 0, 0.15, 1.8], "rotation": 270, "texture": "#0"},
				"up": {"uv": [0, 0, 0.1, 1.8], "texture": "#0"},
				"down": {"uv": [0, 0, 0.1, 1.8], "rotation": 180, "texture": "#0"}
			}
		},
		{
			"from": [8.38232, 3.7, 2.75],
			"to": [8.48232, 3.75, 5.05],
			"rotation": {"angle": -22.5, "axis": "z", "origin": [8.43232, 3.68232, 3.9]},
			"faces": {
				"north": {"uv": [0, 0, 0.1, 0.05], "rotation": 180, "texture": "#0"},
				"east": {"uv": [0, 0, 0.05, 2.3], "rotation": 90, "texture": "#0"},
				"south": {"uv": [0, 0, 0.1, 0.05], "texture": "#0"},
				"west": {"uv": [0, 0, 0.05, 2.3], "rotation": 270, "texture": "#0"},
				"up": {"uv": [0, 0, 0.1, 2.3], "texture": "#0"},
				"down": {"uv": [0, 0, 0.1, 2.3], "rotation": 180, "texture": "#0"}
			}
		},
		{
			"from": [8.39, 3.1544, 3.45],
			"to": [8.44, 3.2544, 5.05],
			"rotation": {"angle": -45, "axis": "z", "origin": [8.43232, 3.18232, 3.9]},
			"faces": {
				"north": {"uv": [0, 0, 0.1, 0.05], "rotation": 90, "texture": "#0"},
				"east": {"uv": [0, 0, 0.1, 1.6], "rotation": 90, "texture": "#0"},
				"south": {"uv": [0, 0, 0.1, 0.05], "rotation": 90, "texture": "#0"},
				"west": {"uv": [0, 0, 0.1, 1.6], "rotation": 270, "texture": "#0"},
				"up": {"uv": [0, 0, 0.05, 1.6], "texture": "#0"},
				"down": {"uv": [0, 0, 0.05, 1.6], "rotation": 180, "texture": "#0"}
			}
		},
		{
			"from": [8.42, 3.9, 2.75],
			"to": [8.47, 4, 4.55],
			"rotation": {"angle": -45, "axis": "z", "origin": [8.33232, 3.88232, 3.9]},
			"faces": {
				"north": {"uv": [0, 0, 0.1, 0.05], "rotation": 90, "texture": "#0"},
				"east": {"uv": [0, 0, 0.1, 1.8], "rotation": 90, "texture": "#0"},
				"south": {"uv": [0, 0, 0.1, 0.05], "rotation": 90, "texture": "#0"},
				"west": {"uv": [0, 0, 0.1, 1.8], "rotation": 270, "texture": "#0"},
				"up": {"uv": [0, 0, 0.05, 1.8], "texture": "#0"},
				"down": {"uv": [0, 0, 0.05, 1.8], "rotation": 180, "texture": "#0"}
			}
		},
		{
			"from": [8.04, 4.15732, 7.45],
			"to": [8.14, 4.20732, 9.95],
			"rotation": {"angle": 22.5, "axis": "z", "origin": [8.03232, 4.18232, 7.95]},
			"faces": {
				"north": {"uv": [0, 0, 0.1, 0.05], "rotation": 180, "texture": "#1"},
				"east": {"uv": [0, 0, 0.05, 2.5], "rotation": 90, "texture": "#1"},
				"south": {"uv": [0, 0, 0.1, 0.05], "texture": "#1"},
				"west": {"uv": [0, 0, 0.05, 2.5], "rotation": 270, "texture": "#1"},
				"up": {"uv": [0, 0, 0.1, 2.5], "texture": "#1"},
				"down": {"uv": [0, 0, 0.1, 2.5], "rotation": 180, "texture": "#1"}
			}
		},
		{
			"from": [8.04, 4.15732, 6.05],
			"to": [8.14, 4.20732, 7.45],
			"rotation": {"angle": 22.5, "axis": "z", "origin": [8.03232, 4.18232, 6.55]},
			"faces": {
				"north": {"uv": [0, 0, 0.1, 0.05], "rotation": 180, "texture": "#1"},
				"east": {"uv": [0, 0, 0.05, 1.4], "rotation": 90, "texture": "#1"},
				"south": {"uv": [0, 0, 0.1, 0.05], "texture": "#1"},
				"west": {"uv": [0, 0, 0.05, 1.4], "rotation": 270, "texture": "#1"},
				"up": {"uv": [0, 0, 0.1, 1.4], "texture": "#1"},
				"down": {"uv": [0, 0, 0.1, 1.4], "rotation": 180, "texture": "#1"}
			}
		},
		{
			"from": [8.06061, 4.12, 2.75],
			"to": [8.21061, 4.22, 4.55],
			"rotation": {"angle": -45, "axis": "z", "origin": [8.08561, 4.20439, 3.9]},
			"faces": {
				"north": {"uv": [0, 0, 0.1, 0.15], "rotation": 270, "texture": "#0"},
				"east": {"uv": [0, 0, 0.1, 1.8], "rotation": 90, "texture": "#0"},
				"south": {"uv": [0, 0, 0.1, 0.15], "rotation": 270, "texture": "#0"},
				"west": {"uv": [0, 0, 0.1, 1.8], "rotation": 270, "texture": "#0"},
				"up": {"uv": [0, 0, 0.15, 1.8], "texture": "#0"},
				"down": {"uv": [0, 0, 0.15, 1.8], "rotation": 180, "texture": "#0"}
			}
		},
		{
			"from": [8, 3.7, 2.75],
			"to": [8.1, 3.75, 5.05],
			"rotation": {"angle": 22.5, "axis": "z", "origin": [8.03232, 3.78232, 3.05]},
			"faces": {
				"north": {"uv": [0, 0, 0.1, 0.05], "rotation": 180, "texture": "#0"},
				"east": {"uv": [0, 0, 0.05, 2.3], "rotation": 90, "texture": "#0"},
				"south": {"uv": [0, 0, 0.1, 0.05], "texture": "#0"},
				"west": {"uv": [0, 0, 0.05, 2.3], "rotation": 270, "texture": "#0"},
				"up": {"uv": [0, 0, 0.1, 2.3], "texture": "#0"},
				"down": {"uv": [0, 0, 0.1, 2.3], "rotation": 180, "texture": "#0"}
			}
		},
		{
			"from": [8.06061, 3.15439, 3.45],
			"to": [8.11061, 3.25439, 5.05],
			"rotation": {"angle": 45, "axis": "z", "origin": [8.08561, 3.20439, 3.9]},
			"faces": {
				"north": {"uv": [0, 0, 0.1, 0.05], "rotation": 270, "texture": "#0"},
				"east": {"uv": [0, 0, 0.1, 1.6], "rotation": 90, "texture": "#0"},
				"south": {"uv": [0, 0, 0.1, 0.05], "rotation": 270, "texture": "#0"},
				"west": {"uv": [0, 0, 0.1, 1.6], "rotation": 270, "texture": "#0"},
				"up": {"uv": [0, 0, 0.05, 1.6], "texture": "#0"},
				"down": {"uv": [0, 0, 0.05, 1.6], "rotation": 180, "texture": "#0"}
			}
		},
		{
			"from": [8.06061, 3.25439, 2.75],
			"to": [8.11061, 3.35439, 3.45],
			"rotation": {"angle": 45, "axis": "z", "origin": [8.08561, 3.30439, 3.2]},
			"faces": {
				"north": {"uv": [0, 0, 0.1, 0.05], "rotation": 270, "texture": "#0"},
				"east": {"uv": [0, 0, 0.1, 0.7], "rotation": 90, "texture": "#0"},
				"south": {"uv": [0, 0, 0.1, 0.05], "rotation": 270, "texture": "#0"},
				"west": {"uv": [0, 0, 0.1, 0.7], "rotation": 270, "texture": "#0"},
				"up": {"uv": [0, 0, 0.05, 0.7], "texture": "#0"},
				"down": {"uv": [0, 0, 0.05, 0.7], "rotation": 180, "texture": "#0"}
			}
		},
		{
			"from": [8.39, 3.2544, 2.75],
			"to": [8.44, 3.3544, 3.45],
			"rotation": {"angle": -45, "axis": "z", "origin": [8.43232, 3.28232, 3.2]},
			"faces": {
				"north": {"uv": [0, 0, 0.1, 0.05], "rotation": 90, "texture": "#0"},
				"east": {"uv": [0, 0, 0.1, 0.7], "rotation": 90, "texture": "#0"},
				"south": {"uv": [0, 0, 0.1, 0.05], "rotation": 90, "texture": "#0"},
				"west": {"uv": [0, 0, 0.1, 0.7], "rotation": 270, "texture": "#0"},
				"up": {"uv": [0, 0, 0.05, 0.7], "texture": "#0"},
				"down": {"uv": [0, 0, 0.05, 0.7], "rotation": 180, "texture": "#0"}
			}
		},
		{
			"from": [8, 3.85, 2.75],
			"to": [8.05, 3.95, 4.55],
			"rotation": {"angle": 45, "axis": "z", "origin": [8.08561, 3.90439, 3.9]},
			"faces": {
				"north": {"uv": [0, 0, 0.1, 0.05], "rotation": 270, "texture": "#0"},
				"east": {"uv": [0, 0, 0.1, 1.8], "rotation": 90, "texture": "#0"},
				"south": {"uv": [0, 0, 0.1, 0.05], "rotation": 270, "texture": "#0"},
				"west": {"uv": [0, 0, 0.1, 1.8], "rotation": 270, "texture": "#0"},
				"up": {"uv": [0, 0, 0.05, 1.8], "texture": "#0"},
				"down": {"uv": [0, 0, 0.05, 1.8], "rotation": 180, "texture": "#0"}
			}
		},
		{
			"from": [8.4, 3.8, 11.35],
			"to": [8.5, 4, 16.85],
			"rotation": {"angle": 0, "axis": "y", "origin": [8.5, 3.95, 14.1]},
			"faces": {
				"north": {"uv": [0, 0, 0.1, 0.2], "rotation": 180, "texture": "#0"},
				"east": {"uv": [0, 0, 0.2, 5.5], "rotation": 90, "texture": "#0"},
				"south": {"uv": [0, 0, 0.1, 0.2], "texture": "#0"},
				"west": {"uv": [0, 0, 0.2, 5.5], "rotation": 270, "texture": "#0"},
				"up": {"uv": [0, 0, 0.1, 5.5], "texture": "#0"},
				"down": {"uv": [0, 0, 0.1, 5.5], "rotation": 180, "texture": "#0"}
			}
		},
		{
			"from": [8, 3.78467, 11.35],
			"to": [8.1, 3.98467, 16.85],
			"rotation": {"angle": 0, "axis": "y", "origin": [8.03294, 3.88467, 14.1]},
			"faces": {
				"north": {"uv": [0, 0, 0.1, 0.2], "rotation": 180, "texture": "#0"},
				"east": {"uv": [0, 0, 0.2, 5.5], "rotation": 90, "texture": "#0"},
				"south": {"uv": [0, 0, 0.1, 0.2], "texture": "#0"},
				"west": {"uv": [0, 0, 0.2, 5.5], "rotation": 270, "texture": "#0"},
				"up": {"uv": [0, 0, 0.1, 5.5], "texture": "#0"},
				"down": {"uv": [0, 0, 0.1, 5.5], "rotation": 180, "texture": "#0"}
			}
		},
		{
			"from": [8.01, 3.93, 11.35],
			"to": [8.11, 4.03, 16.85],
			"rotation": {"angle": 22.5, "axis": "z", "origin": [8.05, 4, 14.1]},
			"faces": {
				"north": {"uv": [0, 0, 0.1, 0.1], "rotation": 90, "texture": "#0"},
				"east": {"uv": [0, 0, 0.1, 5.5], "rotation": 90, "texture": "#0"},
				"south": {"uv": [0, 0, 0.1, 0.1], "rotation": 90, "texture": "#0"},
				"west": {"uv": [0, 0, 0.1, 5.5], "rotation": 270, "texture": "#0"},
				"up": {"uv": [0, 0, 0.1, 5.5], "texture": "#0"},
				"down": {"uv": [0, 0, 0.1, 5.5], "rotation": 180, "texture": "#0"}
			}
		},
		{
			"from": [8.1, 3.85, 11.35],
			"to": [8.4, 4.05, 16.85],
			"rotation": {"angle": 0, "axis": "y", "origin": [8.25, 2.3, 11.35]},
			"faces": {
				"north": {"uv": [0, 0, 0.3, 0.2], "rotation": 180, "texture": "#0"},
				"east": {"uv": [0, 0, 0.2, 5.5], "rotation": 90, "texture": "#0"},
				"south": {"uv": [0, 0, 0.3, 0.2], "texture": "#0"},
				"west": {"uv": [0, 0, 0.2, 5.5], "rotation": 270, "texture": "#0"},
				"up": {"uv": [0, 0, 0.3, 5.5], "texture": "#0"},
				"down": {"uv": [0, 0, 0.3, 5.5], "rotation": 180, "texture": "#0"}
			}
		},
		{
			"from": [8, 2.15, 10.85],
			"to": [8.5, 2.25, 13.85],
			"rotation": {"angle": 0, "axis": "y", "origin": [8.25, 1.6, 12.35]},
			"faces": {
				"north": {"uv": [0, 0, 0.5, 0.1], "rotation": 180, "texture": "#0"},
				"east": {"uv": [0, 0, 0.1, 3], "rotation": 90, "texture": "#0"},
				"south": {"uv": [0, 0, 0.5, 0.1], "texture": "#0"},
				"west": {"uv": [0, 0, 0.1, 3], "rotation": 270, "texture": "#0"},
				"up": {"uv": [0, 0, 0.5, 3], "texture": "#0"},
				"down": {"uv": [0, 0, 0.5, 3], "rotation": 180, "texture": "#0"}
			}
		},
		{
			"from": [8, 2.05, 11.15],
			"to": [8.5, 2.15, 13.85],
			"rotation": {"angle": 0, "axis": "y", "origin": [8.25, 1.5, 12.35]},
			"faces": {
				"north": {"uv": [0, 0, 0.5, 0.1], "rotation": 180, "texture": "#0"},
				"east": {"uv": [0, 0, 0.1, 2.7], "rotation": 90, "texture": "#0"},
				"south": {"uv": [0, 0, 0.5, 0.1], "texture": "#0"},
				"west": {"uv": [0, 0, 0.1, 2.7], "rotation": 270, "texture": "#0"},
				"up": {"uv": [0, 0, 0.5, 2.7], "texture": "#0"},
				"down": {"uv": [0, 0, 0.5, 2.7], "rotation": 180, "texture": "#0"}
			}
		},
		{
			"from": [8, 1.95, 11.35],
			"to": [8.5, 2.05, 13.85],
			"rotation": {"angle": 0, "axis": "y", "origin": [8.25, 1.4, 12.35]},
			"faces": {
				"north": {"uv": [0, 0, 0.5, 0.1], "rotation": 180, "texture": "#0"},
				"east": {"uv": [0, 0, 0.1, 2.5], "rotation": 90, "texture": "#0"},
				"south": {"uv": [0, 0, 0.5, 0.1], "texture": "#0"},
				"west": {"uv": [0, 0, 0.1, 2.5], "rotation": 270, "texture": "#0"},
				"up": {"uv": [0, 0, 0.5, 2.5], "texture": "#0"},
				"down": {"uv": [0, 0, 0.5, 2.5], "rotation": 180, "texture": "#0"}
			}
		},
		{
			"from": [8, 1.85, 11.65],
			"to": [8.5, 1.95, 13.85],
			"rotation": {"angle": 0, "axis": "y", "origin": [8.25, 1.3, 12.35]},
			"faces": {
				"north": {"uv": [0, 0, 0.5, 0.1], "rotation": 180, "texture": "#0"},
				"east": {"uv": [0, 0, 0.1, 2.2], "rotation": 90, "texture": "#0"},
				"south": {"uv": [0, 0, 0.5, 0.1], "texture": "#0"},
				"west": {"uv": [0, 0, 0.1, 2.2], "rotation": 270, "texture": "#0"},
				"up": {"uv": [0, 0, 0.5, 2.2], "texture": "#0"},
				"down": {"uv": [0, 0, 0.5, 2.2], "rotation": 180, "texture": "#0"}
			}
		},
		{
			"from": [8, 1.75, 11.85],
			"to": [8.5, 1.85, 13.85],
			"rotation": {"angle": 0, "axis": "y", "origin": [8.25, 1.2, 12.35]},
			"faces": {
				"north": {"uv": [0, 0, 0.5, 0.1], "rotation": 180, "texture": "#0"},
				"east": {"uv": [0, 0, 0.1, 2], "rotation": 90, "texture": "#0"},
				"south": {"uv": [0, 0, 0.5, 0.1], "texture": "#0"},
				"west": {"uv": [0, 0, 0.1, 2], "rotation": 270, "texture": "#0"},
				"up": {"uv": [0, 0, 0.5, 2], "texture": "#0"},
				"down": {"uv": [0, 0, 0.5, 2], "rotation": 180, "texture": "#0"}
			}
		},
		{
			"from": [8, 1.65, 12.05],
			"to": [8.5, 1.75, 13.85],
			"rotation": {"angle": 0, "axis": "y", "origin": [8.25, 1.1, 12.35]},
			"faces": {
				"north": {"uv": [0, 0, 0.5, 0.1], "rotation": 180, "texture": "#0"},
				"east": {"uv": [0, 0, 0.1, 1.8], "rotation": 90, "texture": "#0"},
				"south": {"uv": [0, 0, 0.5, 0.1], "texture": "#0"},
				"west": {"uv": [0, 0, 0.1, 1.8], "rotation": 270, "texture": "#0"},
				"up": {"uv": [0, 0, 0.5, 1.8], "texture": "#0"},
				"down": {"uv": [0, 0, 0.5, 1.8], "rotation": 180, "texture": "#0"}
			}
		},
		{
			"from": [8, 1.55, 12.35],
			"to": [8.5, 1.65, 13.85],
			"rotation": {"angle": 0, "axis": "y", "origin": [8.25, 1, 12.35]},
			"faces": {
				"north": {"uv": [0, 0, 0.5, 0.1], "rotation": 180, "texture": "#0"},
				"east": {"uv": [0, 0, 0.1, 1.5], "rotation": 90, "texture": "#0"},
				"south": {"uv": [0, 0, 0.5, 0.1], "texture": "#0"},
				"west": {"uv": [0, 0, 0.1, 1.5], "rotation": 270, "texture": "#0"},
				"up": {"uv": [0, 0, 0.5, 1.5], "texture": "#0"},
				"down": {"uv": [0, 0, 0.5, 1.5], "rotation": 180, "texture": "#0"}
			}
		},
		{
			"from": [8, 1.45, 12.55],
			"to": [8.5, 1.55, 13.85],
			"rotation": {"angle": 0, "axis": "y", "origin": [8.25, 0.9, 12.35]},
			"faces": {
				"north": {"uv": [0, 0, 0.5, 0.1], "rotation": 180, "texture": "#0"},
				"east": {"uv": [0, 0, 0.1, 1.3], "rotation": 90, "texture": "#0"},
				"south": {"uv": [0, 0, 0.5, 0.1], "texture": "#0"},
				"west": {"uv": [0, 0, 0.1, 1.3], "rotation": 270, "texture": "#0"},
				"up": {"uv": [0, 0, 0.5, 1.3], "texture": "#0"},
				"down": {"uv": [0, 0, 0.5, 1.3], "rotation": 180, "texture": "#0"}
			}
		},
		{
			"from": [8, 1.95, 10.35],
			"to": [8.5, 2.05, 12.85],
			"rotation": {"angle": 22.5, "axis": "x", "origin": [8.25, 2, 11.35]},
			"faces": {
				"north": {"uv": [0, 0, 0.5, 0.1], "rotation": 180, "texture": "#0"},
				"east": {"uv": [0, 0, 0.1, 2.5], "rotation": 90, "texture": "#0"},
				"south": {"uv": [0, 0, 0.5, 0.1], "texture": "#0"},
				"west": {"uv": [0, 0, 0.1, 2.5], "rotation": 270, "texture": "#0"},
				"up": {"uv": [0, 0, 0.5, 2.5], "texture": "#0"},
				"down": {"uv": [0, 0, 0.5, 2.5], "rotation": 180, "texture": "#0"}
			}
		},
		{
			"from": [8, 1.45, 13.85],
			"to": [8.5, 3.85, 16.85],
			"rotation": {"angle": 0, "axis": "y", "origin": [8.25, 1.3, 13.15]},
			"faces": {
				"north": {"uv": [0, 0, 0.5, 2.4], "rotation": 180, "texture": "#0"},
				"east": {"uv": [0, 0, 2.4, 3], "rotation": 90, "texture": "#0"},
				"south": {"uv": [0, 0, 0.5, 2.4], "texture": "#0"},
				"west": {"uv": [0, 0, 2.4, 3], "rotation": 270, "texture": "#0"},
				"up": {"uv": [0, 0, 0.5, 3], "texture": "#0"},
				"down": {"uv": [0, 0, 0.5, 3], "rotation": 180, "texture": "#0"}
			}
		}
	],
	"display": {
		"thirdperson_righthand": {
			"translation": [-0.5, 5.75, -1.5]
		},
		"thirdperson_lefthand": {
			"translation": [0, 6.5, -0.75]
		},
		"firstperson_righthand": {
			"translation": [-5, 9.75, 5.5]
		},
		"firstperson_lefthand": {
			"translation": [-2.5, 9, 2.75]
		},
		"ground": {
			"translation": [0, 6.25, 0]
		},
		"gui": {
			"rotation": [-159.36, 36.98, 177.84],
			"translation": [0.25, 6.25, 0],
			"scale": [1.2, 1.2, 1.2]
		},
		"head": {
			"translation": [-0.75, 12.75, 0]
		},
		"fixed": {
			"rotation": [180, -90, 180],
			"translation": [-0.25, 5.25, -1.25]
		}
	},
	"groups": [
		{
			"name": "group",
			"origin": [8.35, 0.3, 5.25],
			"color": 0,
			"children": [
				0,
				1,
				2,
				3,
				4,
				5,
				{
					"name": "group",
					"origin": [8.25, 0.45084, 5.54989],
					"color": 0,
					"children": []
				},
				6,
				7,
				8,
				9
			]
		},
		10,
		11,
		12,
		13,
		14,
		15,
		16,
		17,
		18,
		19,
		20,
		21,
		22,
		23,
		24,
		25,
		26,
		27,
		28,
		29,
		30,
		31,
		32,
		33,
		34,
		35,
		36,
		37,
		38,
		39,
		40,
		41,
		42,
		43,
		44,
		45,
		46,
		47,
		48,
		49,
		50,
		51,
		52,
		53,
		54,
		55,
		56,
		57,
		58,
		59,
		60,
		61,
		62,
		63,
		{
			"name": "group",
			"origin": [8.25, 1.9, 12.85],
			"color": 0,
			"children": [64, 65, 66, 67, 68, 69, 70, 71, 72, 73, 74, 75, 76, 77, 78, 79, 80, 81, 82, 83, 84, 85, 86, 87, 88, 89, 90, 91, 92, 93]
		}
	]
}