{
	"credit": "Made with Blockbench",
	"texture_size": [8, 8],
	"textures": {
		"0": "block/color/grayspecial",
		"3": "block/color/gray_concrete",
		"4": "block/color/graymetal_dark",
		"particle": "block/color/grayspecial"
	},
	"elements": [
		{
			"from": [8.5, 5, 13.5],
			"to": [8.87, 6.3, 13.8125],
			"rotation": {"angle": 0, "axis": "y", "origin": [8.5, 5, 13.5]},
			"faces": {
				"north": {"uv": [1, 1, 1.74, 4], "texture": "#0"},
				"east": {"uv": [0, 4, 0.625, 7], "texture": "#0"},
				"south": {"uv": [2, 0, 2.74, 3], "texture": "#0"},
				"west": {"uv": [1, 4, 1.625, 7], "texture": "#0"},
				"up": {"uv": [1, 0, 1.74, 0.625], "texture": "#0"},
				"down": {"uv": [1, 0, 1.74, 0.625], "texture": "#0"}
			}
		},
		{
			"from": [8.5, 5, 14.1],
			"to": [8.87, 6.3, 14.4125],
			"rotation": {"angle": 0, "axis": "y", "origin": [8.5, 5, 14.1]},
			"faces": {
				"north": {"uv": [1, 0, 1.74, 3], "texture": "#0"},
				"east": {"uv": [1, 0, 1.625, 3], "texture": "#0"},
				"south": {"uv": [1, 0, 1.74, 3], "texture": "#0"},
				"west": {"uv": [1, 0, 1.625, 3], "texture": "#0"},
				"up": {"uv": [1, 0, 1.74, 0.625], "texture": "#0"},
				"down": {"uv": [1, 0, 1.74, 0.625], "texture": "#0"}
			}
		},
		{
			"from": [8.5, 5, 13.2],
			"to": [8.9, 6.3, 13.5125],
			"rotation": {"angle": 0, "axis": "y", "origin": [8.5, 5, 13.2]},
			"faces": {
				"north": {"uv": [0, 3, 0.8, 6], "texture": "#0"},
				"east": {"uv": [2, 0, 2.625, 3], "texture": "#0"},
				"south": {"uv": [0, 0, 0.8, 3], "texture": "#0"},
				"west": {"uv": [1, 3, 1.625, 6], "texture": "#0"},
				"up": {"uv": [2, 3, 2.8, 3.625], "texture": "#0"},
				"down": {"uv": [2, 3, 2.8, 3.625], "texture": "#0"}
			}
		},
		{
			"from": [8.5, 5, 11.5],
			"to": [8.9, 6.3, 13.2],
			"rotation": {"angle": 0, "axis": "y", "origin": [8.5, 5, 11.5]},
			"faces": {
				"north": {"uv": [1, 0, 1.8, 3], "texture": "#0"},
				"east": {"uv": [1, 0, 4.4, 3], "texture": "#0"},
				"south": {"uv": [1, 0, 1.8, 3], "texture": "#0"},
				"west": {"uv": [1, 0, 4.4, 3], "texture": "#0"},
				"up": {"uv": [1, 0, 1.8, 3.4], "texture": "#0"},
				"down": {"uv": [1, 0, 1.8, 3.4], "texture": "#0"}
			}
		},
		{
			"from": [8.5, 5, 15.6],
			"to": [8.9, 6.3, 16.5],
			"rotation": {"angle": 0, "axis": "y", "origin": [8.5, 5, 15.6]},
			"faces": {
				"north": {"uv": [0, 0, 0.8, 3], "texture": "#3"},
				"east": {"uv": [2, 0, 3.8, 3], "texture": "#0"},
				"south": {"uv": [2, 0, 2.8, 3], "texture": "#0"},
				"west": {"uv": [2, 0, 3.8, 3], "texture": "#0"},
				"up": {"uv": [2, 0, 2.8, 1.8], "texture": "#0"},
				"down": {"uv": [2, 0, 2.8, 1.8], "texture": "#0"}
			}
		},
		{
			"from": [8.5, 5, 13.8],
			"to": [8.9, 6.3, 14.1125],
			"rotation": {"angle": 0, "axis": "y", "origin": [8.5, 5, 13.8]},
			"faces": {
				"north": {"uv": [0, 0, 0.8, 3], "texture": "#3"},
				"east": {"uv": [1, 0, 1.625, 3], "texture": "#0"},
				"south": {"uv": [0, 0, 0.8, 3], "texture": "#3"},
				"west": {"uv": [1, 0, 1.625, 3], "texture": "#0"},
				"up": {"uv": [1, 0, 1.8, 0.625], "texture": "#0"},
				"down": {"uv": [1, 0, 1.8, 0.625], "texture": "#0"}
			}
		},
		{
			"from": [8.5, 5, 14.4],
			"to": [8.9, 6.3, 14.7125],
			"rotation": {"angle": 0, "axis": "y", "origin": [8.5, 5, 14.4]},
			"faces": {
				"north": {"uv": [0, 0, 0.8, 3], "texture": "#3"},
				"east": {"uv": [1, 0, 1.625, 3], "texture": "#0"},
				"south": {"uv": [0, 0, 0.8, 3], "texture": "#3"},
				"west": {"uv": [1, 0, 1.625, 3], "texture": "#0"},
				"up": {"uv": [1, 0, 1.8, 0.625], "texture": "#0"},
				"down": {"uv": [1, 0, 1.8, 0.625], "texture": "#0"}
			}
		},
		{
			"from": [8.5, 5, 14.7],
			"to": [8.87, 6.3, 15.0125],
			"rotation": {"angle": 0, "axis": "y", "origin": [8.5, 5, 14.7]},
			"faces": {
				"north": {"uv": [1, 0, 1.74, 3], "texture": "#0"},
				"east": {"uv": [1, 0, 1.625, 3], "texture": "#0"},
				"south": {"uv": [1, 0, 1.74, 3], "texture": "#0"},
				"west": {"uv": [1, 0, 1.625, 3], "texture": "#0"},
				"up": {"uv": [1, 0, 1.74, 0.625], "texture": "#0"},
				"down": {"uv": [1, 0, 1.74, 0.625], "texture": "#0"}
			}
		},
		{
			"from": [8.5, 5, 15],
			"to": [8.9, 6.3, 15.3125],
			"rotation": {"angle": 0, "axis": "y", "origin": [8.5, 5, 15]},
			"faces": {
				"north": {"uv": [0, 0, 0.8, 3], "texture": "#3"},
				"east": {"uv": [1, 0, 1.625, 3], "texture": "#0"},
				"south": {"uv": [0, 0, 0.8, 3], "texture": "#3"},
				"west": {"uv": [1, 0, 1.625, 3], "texture": "#0"},
				"up": {"uv": [1, 0, 1.8, 0.625], "texture": "#0"},
				"down": {"uv": [1, 0, 1.8, 0.625], "texture": "#0"}
			}
		},
		{
			"from": [8.5, 5, 15.3],
			"to": [8.87, 6.3, 15.6125],
			"rotation": {"angle": 0, "axis": "y", "origin": [8.5, 5, 15.3]},
			"faces": {
				"north": {"uv": [1, 0, 1.74, 3], "texture": "#0"},
				"east": {"uv": [1, 0, 1.625, 3], "texture": "#0"},
				"south": {"uv": [1, 0, 1.74, 3], "texture": "#0"},
				"west": {"uv": [1, 0, 1.625, 3], "texture": "#0"},
				"up": {"uv": [1, 0, 1.74, 0.625], "texture": "#0"},
				"down": {"uv": [1, 0, 1.74, 0.625], "texture": "#0"}
			}
		},
		{
			"from": [7.115, 5, 14.1875],
			"to": [7.485, 6.3, 14.5],
			"rotation": {"angle": 0, "axis": "y", "origin": [7.2925, 5.75, 13.8]},
			"faces": {
				"north": {"uv": [2, 0, 2.74, 3], "texture": "#0"},
				"east": {"uv": [1, 4, 1.625, 7], "texture": "#0"},
				"south": {"uv": [1, 1, 1.74, 4], "texture": "#0"},
				"west": {"uv": [0, 4, 0.625, 7], "texture": "#0"},
				"up": {"uv": [1, 0, 1.74, 0.625], "rotation": 180, "texture": "#0"},
				"down": {"uv": [1, 0, 1.74, 0.625], "rotation": 180, "texture": "#0"}
			}
		},
		{
			"from": [7.115, 5, 13.5875],
			"to": [7.485, 6.3, 13.9],
			"rotation": {"angle": 0, "axis": "y", "origin": [7.2925, 5.75, 13.8]},
			"faces": {
				"north": {"uv": [1, 0, 1.74, 3], "texture": "#0"},
				"east": {"uv": [1, 0, 1.625, 3], "texture": "#0"},
				"south": {"uv": [1, 0, 1.74, 3], "texture": "#0"},
				"west": {"uv": [1, 0, 1.625, 3], "texture": "#0"},
				"up": {"uv": [1, 0, 1.74, 0.625], "rotation": 180, "texture": "#0"},
				"down": {"uv": [1, 0, 1.74, 0.625], "rotation": 180, "texture": "#0"}
			}
		},
		{
			"from": [7.085, 5, 14.4875],
			"to": [7.485, 6.3, 14.8],
			"rotation": {"angle": 0, "axis": "y", "origin": [7.2925, 5.75, 13.8]},
			"faces": {
				"north": {"uv": [0, 0, 0.8, 3], "texture": "#0"},
				"east": {"uv": [1, 3, 1.625, 6], "texture": "#0"},
				"south": {"uv": [0, 3, 0.8, 6], "texture": "#0"},
				"west": {"uv": [2, 0, 2.625, 3], "texture": "#0"},
				"up": {"uv": [2, 3, 2.8, 3.625], "rotation": 180, "texture": "#0"},
				"down": {"uv": [2, 3, 2.8, 3.625], "rotation": 180, "texture": "#0"}
			}
		},
		{
			"from": [7.085, 5, 14.8],
			"to": [7.485, 6.3, 16.5],
			"rotation": {"angle": 0, "axis": "y", "origin": [7.2925, 5.75, 13.8]},
			"faces": {
				"north": {"uv": [1, 0, 1.8, 3], "texture": "#0"},
				"east": {"uv": [1, 0, 4.4, 3], "texture": "#0"},
				"south": {"uv": [1, 0, 1.8, 3], "texture": "#0"},
				"west": {"uv": [1, 0, 4.4, 3], "texture": "#0"},
				"up": {"uv": [1, 0, 1.8, 3.4], "rotation": 180, "texture": "#0"},
				"down": {"uv": [1, 0, 1.8, 3.4], "rotation": 180, "texture": "#0"}
			}
		},
		{
			"from": [7.085, 5, 11.5],
			"to": [7.485, 6.3, 12.4],
			"rotation": {"angle": 0, "axis": "y", "origin": [7.2925, 5.75, 13.8]},
			"faces": {
				"north": {"uv": [2, 0, 2.8, 3], "texture": "#0"},
				"east": {"uv": [2, 0, 3.8, 3], "texture": "#0"},
				"south": {"uv": [0, 0, 0.8, 3], "texture": "#3"},
				"west": {"uv": [2, 0, 3.8, 3], "texture": "#0"},
				"up": {"uv": [2, 0, 2.8, 1.8], "rotation": 180, "texture": "#0"},
				"down": {"uv": [2, 0, 2.8, 1.8], "rotation": 180, "texture": "#0"}
			}
		},
		{
			"from": [7.085, 5, 6.5],
			"to": [7.485, 6.3, 11.5],
			"rotation": {"angle": 0, "axis": "y", "origin": [7.2925, 5.75, 8.8]},
			"faces": {
				"north": {"uv": [2, 0, 2.8, 3], "texture": "#0"},
				"east": {"uv": [2, 0, 3.8, 3], "texture": "#0"},
				"south": {"uv": [0, 0, 0.8, 3], "texture": "#missing"},
				"west": {"uv": [2, 0, 3.8, 3], "texture": "#0"},
				"up": {"uv": [2, 0, 2.8, 1.8], "rotation": 180, "texture": "#0"},
				"down": {"uv": [2, 0, 2.8, 1.8], "rotation": 180, "texture": "#0"}
			}
		},
		{
			"from": [7.185, 6.2318, 6.5],
			"to": [7.485, 6.4318, 16.5],
			"rotation": {"angle": 22.5, "axis": "z", "origin": [7.285, 6.45, 9]},
			"faces": {
				"north": {"uv": [2, 0, 2.8, 3], "texture": "#0"},
				"east": {"uv": [2, 0, 3.8, 3], "texture": "#0"},
				"south": {"uv": [0, 0, 0.8, 3], "texture": "#0"},
				"west": {"uv": [2, 0, 3.8, 3], "texture": "#0"},
				"up": {"uv": [2, 0, 2.8, 1.8], "rotation": 180, "texture": "#0"},
				"down": {"uv": [2, 0, 2.8, 1.8], "rotation": 180, "texture": "#0"}
			}
		},
		{
			"from": [7.2, 6.2, 6.5],
			"to": [7.4, 6.4, 16.5],
			"rotation": {"angle": 45, "axis": "z", "origin": [7.285, 6.2, 9]},
			"faces": {
				"north": {"uv": [2, 0, 2.8, 3], "texture": "#0"},
				"east": {"uv": [2, 0, 3.8, 3], "texture": "#0"},
				"south": {"uv": [0, 0, 0.8, 3], "texture": "#0"},
				"west": {"uv": [2, 0, 3.8, 3], "texture": "#0"},
				"up": {"uv": [2, 0, 2.8, 1.8], "rotation": 180, "texture": "#0"},
				"down": {"uv": [2, 0, 2.8, 1.8], "rotation": 180, "texture": "#0"}
			}
		},
		{
			"from": [8.50941, 6.23176, 6.5],
			"to": [8.70941, 6.43176, 10],
			"rotation": {"angle": -22.5, "axis": "z", "origin": [8.67804, 6.32523, 11.5]},
			"faces": {
				"north": {"uv": [2, 0, 2.8, 3], "texture": "#0"},
				"east": {"uv": [2, 0, 3.8, 3], "texture": "#0"},
				"south": {"uv": [0, 0, 0.8, 3], "texture": "#0"},
				"west": {"uv": [2, 0, 3.8, 3], "texture": "#0"},
				"up": {"uv": [2, 0, 2.8, 1.8], "rotation": 180, "texture": "#0"},
				"down": {"uv": [2, 0, 2.8, 1.8], "rotation": 180, "texture": "#0"}
			}
		},
		{
			"from": [8.59395, 6.24545, 6.5],
			"to": [8.89395, 6.44545, 10],
			"rotation": {"angle": -45, "axis": "z", "origin": [8.67804, 6.32523, 11.5]},
			"faces": {
				"north": {"uv": [2, 0, 2.8, 3], "texture": "#0"},
				"east": {"uv": [2, 0, 3.8, 3], "texture": "#0"},
				"south": {"uv": [0, 0, 0.8, 3], "texture": "#0"},
				"west": {"uv": [2, 0, 3.8, 3], "texture": "#0"},
				"up": {"uv": [2, 0, 2.8, 1.8], "rotation": 180, "texture": "#0"},
				"down": {"uv": [2, 0, 2.8, 1.8], "rotation": 180, "texture": "#0"}
			}
		},
		{
			"from": [8.59395, 6.24545, 11.5],
			"to": [8.89395, 6.44545, 16.5],
			"rotation": {"angle": -45, "axis": "z", "origin": [8.67804, 6.32523, 18]},
			"faces": {
				"north": {"uv": [2, 0, 2.8, 3], "texture": "#0"},
				"east": {"uv": [2, 0, 3.8, 3], "texture": "#0"},
				"south": {"uv": [0, 0, 0.8, 3], "texture": "#0"},
				"west": {"uv": [2, 0, 3.8, 3], "texture": "#0"},
				"up": {"uv": [2, 0, 2.8, 1.8], "rotation": 180, "texture": "#0"},
				"down": {"uv": [2, 0, 2.8, 1.8], "rotation": 180, "texture": "#0"}
			}
		},
		{
			"from": [8.50941, 6.23176, 11.5],
			"to": [8.70941, 6.43176, 16.5],
			"rotation": {"angle": -22.5, "axis": "z", "origin": [8.67804, 6.32523, 18]},
			"faces": {
				"north": {"uv": [2, 0, 2.8, 3], "texture": "#0"},
				"east": {"uv": [2, 0, 3.8, 3], "texture": "#0"},
				"south": {"uv": [0, 0, 0.8, 3], "texture": "#0"},
				"west": {"uv": [2, 0, 3.8, 3], "texture": "#0"},
				"up": {"uv": [2, 0, 2.8, 1.8], "rotation": 180, "texture": "#0"},
				"down": {"uv": [2, 0, 2.8, 1.8], "rotation": 180, "texture": "#0"}
			}
		},
		{
			"from": [7.085, 5, 13.8875],
			"to": [7.485, 6.3, 14.2],
			"rotation": {"angle": 0, "axis": "y", "origin": [7.2925, 5.75, 13.8]},
			"faces": {
				"north": {"uv": [0, 0, 0.8, 3], "texture": "#3"},
				"east": {"uv": [1, 0, 1.625, 3], "texture": "#0"},
				"south": {"uv": [0, 0, 0.8, 3], "texture": "#3"},
				"west": {"uv": [1, 0, 1.625, 3], "texture": "#0"},
				"up": {"uv": [1, 0, 1.8, 0.625], "rotation": 180, "texture": "#0"},
				"down": {"uv": [1, 0, 1.8, 0.625], "rotation": 180, "texture": "#0"}
			}
		},
		{
			"from": [7.085, 5, 13.2875],
			"to": [7.485, 6.3, 13.6],
			"rotation": {"angle": 0, "axis": "y", "origin": [7.2925, 5.75, 13.8]},
			"faces": {
				"north": {"uv": [0, 0, 0.8, 3], "texture": "#3"},
				"east": {"uv": [1, 0, 1.625, 3], "texture": "#0"},
				"south": {"uv": [0, 0, 0.8, 3], "texture": "#3"},
				"west": {"uv": [1, 0, 1.625, 3], "texture": "#0"},
				"up": {"uv": [1, 0, 1.8, 0.625], "rotation": 180, "texture": "#0"},
				"down": {"uv": [1, 0, 1.8, 0.625], "rotation": 180, "texture": "#0"}
			}
		},
		{
			"from": [7.115, 5, 12.9875],
			"to": [7.485, 6.3, 13.3],
			"rotation": {"angle": 0, "axis": "y", "origin": [7.2925, 5.75, 13.8]},
			"faces": {
				"north": {"uv": [1, 0, 1.74, 3], "texture": "#0"},
				"east": {"uv": [1, 0, 1.625, 3], "texture": "#0"},
				"south": {"uv": [1, 0, 1.74, 3], "texture": "#0"},
				"west": {"uv": [1, 0, 1.625, 3], "texture": "#0"},
				"up": {"uv": [1, 0, 1.74, 0.625], "rotation": 180, "texture": "#0"},
				"down": {"uv": [1, 0, 1.74, 0.625], "rotation": 180, "texture": "#0"}
			}
		},
		{
			"from": [7.085, 5, 12.6875],
			"to": [7.485, 6.3, 13],
			"rotation": {"angle": 0, "axis": "y", "origin": [7.2925, 5.75, 13.8]},
			"faces": {
				"north": {"uv": [0, 0, 0.8, 3], "texture": "#3"},
				"east": {"uv": [1, 0, 1.625, 3], "texture": "#0"},
				"south": {"uv": [0, 0, 0.8, 3], "texture": "#3"},
				"west": {"uv": [1, 0, 1.625, 3], "texture": "#0"},
				"up": {"uv": [1, 0, 1.8, 0.625], "rotation": 180, "texture": "#0"},
				"down": {"uv": [1, 0, 1.8, 0.625], "rotation": 180, "texture": "#0"}
			}
		},
		{
			"from": [7.115, 5, 12.3875],
			"to": [7.485, 6.3, 12.7],
			"rotation": {"angle": 0, "axis": "y", "origin": [7.2925, 5.75, 13.8]},
			"faces": {
				"north": {"uv": [1, 0, 1.74, 3], "texture": "#0"},
				"east": {"uv": [1, 0, 1.625, 3], "texture": "#0"},
				"south": {"uv": [1, 0, 1.74, 3], "texture": "#0"},
				"west": {"uv": [1, 0, 1.625, 3], "texture": "#0"},
				"up": {"uv": [1, 0, 1.74, 0.625], "rotation": 180, "texture": "#0"},
				"down": {"uv": [1, 0, 1.74, 0.625], "rotation": 180, "texture": "#0"}
			}
		},
		{
			"from": [8.5, 5, 10],
			"to": [8.9, 5.8, 11.5],
			"rotation": {"angle": 0, "axis": "y", "origin": [8.5, 5, 10]},
			"faces": {
				"north": {"uv": [1, 0, 1.8, 1.6], "texture": "#0"},
				"east": {"uv": [1, 0, 4, 1.6], "texture": "#0"},
				"south": {"uv": [1, 0, 1.8, 1.6], "texture": "#0"},
				"west": {"uv": [1, 0, 4, 1.6], "texture": "#0"},
				"up": {"uv": [1, 0, 1.8, 3], "texture": "#0"},
				"down": {"uv": [1, 0, 1.8, 3], "texture": "#0"}
			}
		},
		{
			"from": [8.2, 5.8, 10],
			"to": [8.7, 6.45, 11.5],
			"rotation": {"angle": 0, "axis": "y", "origin": [8.2, 6.3, 10]},
			"faces": {
				"north": {"uv": [1, 0, 2, 1.3], "texture": "#0"},
				"east": {"uv": [1, 0, 4, 1.3], "texture": "#3"},
				"south": {"uv": [1, 0, 2, 1.3], "texture": "#0"},
				"west": {"uv": [1, 0, 4, 1.3], "texture": "#0"},
				"up": {"uv": [1, 0, 2, 3], "texture": "#3"},
				"down": {"uv": [1, 0, 2, 3], "texture": "#0"}
			}
		},
		{
			"from": [7.4, 6.3, 10],
			"to": [8.2, 6.45, 11.5],
			"rotation": {"angle": 0, "axis": "y", "origin": [7.4, 6.8, 10]},
			"faces": {
				"north": {"uv": [0, 0, 1.6, 0.3], "texture": "#0"},
				"east": {"uv": [0, 0, 3, 0.3], "texture": "#0"},
				"south": {"uv": [0, 0, 1.6, 0.3], "texture": "#0"},
				"west": {"uv": [0, 0, 3, 0.3], "texture": "#0"},
				"up": {"uv": [0, 0, 1.6, 3], "texture": "#3"},
				"down": {"uv": [0, 0, 1.6, 3], "texture": "#0"}
			}
		},
		{
			"from": [8.5, 5, 6.5],
			"to": [8.9, 6.3, 10],
			"rotation": {"angle": 0, "axis": "y", "origin": [8.5, 5, 6.5]},
			"faces": {
				"north": {"uv": [2, 8, 2.8125, 11], "texture": "#0"},
				"east": {"uv": [0, 0, 7, 3], "texture": "#0"},
				"south": {"uv": [4, 8, 4.8125, 11], "texture": "#0"},
				"west": {"uv": [0, 4, 7, 7], "texture": "#0"},
				"up": {"uv": [0.8125, 15, 0, 8], "texture": "#0"},
				"down": {"uv": [8.8125, 0, 8, 7], "texture": "#0"}
			}
		},
		{
			"from": [7.4, 5, 6.5],
			"to": [8.5, 5.25, 16.5],
			"rotation": {"angle": 0, "axis": "y", "origin": [7.4, 5, 6.5]},
			"faces": {
				"north": {"uv": [0, 0, 2, 0.5], "texture": "#0"},
				"east": {"uv": [0, 0, 20, 0.5], "texture": "#0"},
				"south": {"uv": [1, 0, 3, 0.5], "texture": "#0"},
				"west": {"uv": [0, 0, 20, 0.5], "texture": "#0"},
				"up": {"uv": [0, 0, 2, 20], "texture": "#0"},
				"down": {"uv": [0, 0, 2, 20], "texture": "#0"}
			}
		},
		{
			"from": [7.15, 4.5, 6.6],
			"to": [8.85, 5, 16.5],
			"rotation": {"angle": 0, "axis": "y", "origin": [7.2, 4.5, 6.6]},
			"faces": {
				"north": {"uv": [0, 0, 3.4, 1], "texture": "#3"},
				"east": {"uv": [0, 0, 19.8, 1], "texture": "#3"},
				"south": {"uv": [0, 0, 3.4, 1], "texture": "#3"},
				"west": {"uv": [0, 0, 19.8, 1], "texture": "#3"},
				"up": {"uv": [0, 0, 3.4, 19.8], "texture": "#0"},
				"down": {"uv": [0, 0, 3.4, 19.8], "texture": "#3"}
			}
		},
		{
			"from": [7.4, 6.25, 6.5],
			"to": [8.6, 6.5, 10],
			"rotation": {"angle": 0, "axis": "y", "origin": [7.4, 6.7, 6.4]},
			"faces": {
				"north": {"uv": [0, 0, 2.2, 0.5], "texture": "#0"},
				"east": {"uv": [0, 0, 7, 0.5], "texture": "#0"},
				"south": {"uv": [0, 0, 2.2, 0.5], "texture": "#0"},
				"west": {"uv": [0, 0, 7, 0.5], "texture": "#0"},
				"up": {"uv": [0, 0, 2.2, 7], "texture": "#0"},
				"down": {"uv": [0, 0, 2.2, 7], "texture": "#0"}
			}
		},
		{
			"from": [7.9, 6.5, 6.7],
			"to": [8.1, 6.78, 6.9],
			"rotation": {"angle": 0, "axis": "y", "origin": [7.9, 7, 6.6]},
			"faces": {
				"north": {"uv": [0, 0, 0.4, 0.56], "texture": "#0"},
				"east": {"uv": [0, 0, 0.4, 0.56], "texture": "#0"},
				"south": {"uv": [0, 0, 0.4, 0.56], "texture": "#0"},
				"west": {"uv": [0, 0, 0.4, 0.56], "texture": "#0"},
				"up": {"uv": [0, 0, 0.4, 0.4], "texture": "#0"},
				"down": {"uv": [0, 0, 0.4, 0.4], "texture": "#0"}
			}
		},
		{
			"from": [7.4, 5.15, 6.5],
			"to": [7.9, 5.45, 6.6],
			"rotation": {"angle": -45, "axis": "z", "origin": [7.65, 5.4, 6.55]},
			"faces": {
				"north": {"uv": [0, 0, 1, 0.6], "texture": "#0"},
				"east": {"uv": [0, 0, 0.2, 0.6], "texture": "#0"},
				"south": {"uv": [0, 0, 1, 0.6], "texture": "#0"},
				"west": {"uv": [0, 0, 0.2, 0.6], "texture": "#0"},
				"up": {"uv": [0, 0, 1, 0.2], "texture": "#0"},
				"down": {"uv": [0, 0, 1, 0.2], "texture": "#0"}
			}
		},
		{
			"from": [7.4, 5.4, 6.4],
			"to": [8.1, 5.5, 6.8],
			"rotation": {"angle": -45, "axis": "z", "origin": [7.75, 5.5, 6.45]},
			"faces": {
				"north": {"uv": [0, 0, 1.4, 0.2], "texture": "#3"},
				"east": {"uv": [0, 0, 0.8, 0.2], "texture": "#3"},
				"south": {"uv": [0, 0, 1.4, 0.2], "texture": "#0"},
				"west": {"uv": [0, 0, 0.8, 0.2], "texture": "#3"},
				"up": {"uv": [0, 0, 1.4, 0.8], "texture": "#3"},
				"down": {"uv": [0, 0, 1.4, 0.8], "texture": "#3"}
			}
		},
		{
			"from": [8.20126, 5.04697, 6.4],
			"to": [8.30126, 5.74697, 6.8],
			"rotation": {"angle": -45, "axis": "z", "origin": [8.34697, 5.39697, 6.45]},
			"faces": {
				"north": {"uv": [0, 0, 1.4, 0.2], "rotation": 90, "texture": "#3"},
				"east": {"uv": [0, 0, 1.4, 0.8], "rotation": 270, "texture": "#3"},
				"south": {"uv": [0, 0, 1.4, 0.2], "rotation": 270, "texture": "#0"},
				"west": {"uv": [0, 0, 1.4, 0.8], "rotation": 270, "texture": "#3"},
				"up": {"uv": [0, 0, 0.8, 0.2], "rotation": 270, "texture": "#3"},
				"down": {"uv": [0, 0, 0.8, 0.2], "rotation": 270, "texture": "#3"}
			}
		},
		{
			"from": [7.70126, 5.54697, 6.75],
			"to": [8.40126, 6.24697, 6.9],
			"rotation": {"angle": -45, "axis": "z", "origin": [7.84697, 5.89697, 6.85]},
			"faces": {
				"north": {"uv": [0, 0, 1.4, 1.4], "rotation": 90, "texture": "#4"},
				"east": {"uv": [0, 0, 1.4, 0.3], "rotation": 270, "texture": "#0"},
				"south": {"uv": [0, 0, 1.4, 1.4], "rotation": 270, "texture": "#0"},
				"west": {"uv": [0, 0, 1.4, 0.3], "rotation": 270, "texture": "#0"},
				"up": {"uv": [0, 0, 0.3, 1.4], "rotation": 270, "texture": "#0"},
				"down": {"uv": [0, 0, 0.3, 1.4], "rotation": 270, "texture": "#0"}
			}
		},
		{
			"from": [8.29268, 5.14697, 6.5],
			"to": [8.59268, 5.64697, 6.6],
			"rotation": {"angle": -45, "axis": "z", "origin": [8.34697, 5.39697, 6.55]},
			"faces": {
				"north": {"uv": [0, 0, 1, 0.6], "rotation": 90, "texture": "#0"},
				"east": {"uv": [0, 0, 1, 0.2], "rotation": 270, "texture": "#0"},
				"south": {"uv": [0, 0, 1, 0.6], "rotation": 270, "texture": "#0"},
				"west": {"uv": [0, 0, 1, 0.2], "rotation": 270, "texture": "#0"},
				"up": {"uv": [0, 0, 0.2, 0.6], "rotation": 270, "texture": "#0"},
				"down": {"uv": [0, 0, 0.2, 0.6], "rotation": 270, "texture": "#0"}
			}
		},
		{
			"from": [8.20126, 5.74697, 6.4],
			"to": [8.30126, 6.44697, 6.8],
			"rotation": {"angle": 45, "axis": "z", "origin": [8.34697, 6.09697, 6.45]},
			"faces": {
				"north": {"uv": [0, 0, 1.4, 0.2], "rotation": 90, "texture": "#3"},
				"east": {"uv": [0, 0, 1.4, 0.8], "rotation": 270, "texture": "#3"},
				"south": {"uv": [0, 0, 1.4, 0.2], "rotation": 270, "texture": "#0"},
				"west": {"uv": [0, 0, 1.4, 0.8], "rotation": 270, "texture": "#3"},
				"up": {"uv": [0, 0, 0.8, 0.2], "rotation": 270, "texture": "#3"},
				"down": {"uv": [0, 0, 0.8, 0.2], "rotation": 270, "texture": "#3"}
			}
		},
		{
			"from": [8.29268, 5.84697, 6.5],
			"to": [8.59268, 6.34697, 6.6],
			"rotation": {"angle": 45, "axis": "z", "origin": [8.34697, 6.09697, 6.55]},
			"faces": {
				"north": {"uv": [0, 0, 1, 0.6], "rotation": 90, "texture": "#0"},
				"east": {"uv": [0, 0, 1, 0.2], "rotation": 270, "texture": "#0"},
				"south": {"uv": [0, 0, 1, 0.6], "rotation": 270, "texture": "#0"},
				"west": {"uv": [0, 0, 1, 0.2], "rotation": 270, "texture": "#0"},
				"up": {"uv": [0, 0, 0.2, 0.6], "rotation": 270, "texture": "#0"},
				"down": {"uv": [0, 0, 0.2, 0.6], "rotation": 270, "texture": "#0"}
			}
		},
		{
			"from": [7.40126, 5.84697, 6.5],
			"to": [7.70126, 6.34697, 6.6],
			"rotation": {"angle": -45, "axis": "z", "origin": [7.64697, 6.09697, 6.55]},
			"faces": {
				"north": {"uv": [0, 0, 1, 0.6], "rotation": 270, "texture": "#0"},
				"east": {"uv": [0, 0, 1, 0.2], "rotation": 90, "texture": "#0"},
				"south": {"uv": [0, 0, 1, 0.6], "rotation": 90, "texture": "#0"},
				"west": {"uv": [0, 0, 1, 0.2], "rotation": 90, "texture": "#0"},
				"up": {"uv": [0, 0, 0.2, 0.6], "rotation": 90, "texture": "#0"},
				"down": {"uv": [0, 0, 0.2, 0.6], "rotation": 90, "texture": "#0"}
			}
		},
		{
			"from": [7.69268, 5.74697, 6.4],
			"to": [7.79268, 6.44697, 6.8],
			"rotation": {"angle": -45, "axis": "z", "origin": [7.64697, 6.09697, 6.45]},
			"faces": {
				"north": {"uv": [0, 0, 1.4, 0.2], "rotation": 270, "texture": "#3"},
				"east": {"uv": [0, 0, 1.4, 0.8], "rotation": 90, "texture": "#3"},
				"south": {"uv": [0, 0, 1.4, 0.2], "rotation": 90, "texture": "#0"},
				"west": {"uv": [0, 0, 1.4, 0.8], "rotation": 90, "texture": "#3"},
				"up": {"uv": [0, 0, 0.8, 0.2], "rotation": 90, "texture": "#3"},
				"down": {"uv": [0, 0, 0.8, 0.2], "rotation": 90, "texture": "#3"}
			}
		},
		{
			"from": [7.91, 6.5, 6.6],
			"to": [8.09, 6.75, 6.8],
			"rotation": {"angle": 22.5, "axis": "x", "origin": [8, 6.64, 6.7]},
			"faces": {
				"north": {"uv": [0, 0, 0.36, 0.5], "texture": "#0"},
				"east": {"uv": [0, 0, 0.4, 0.5], "texture": "#0"},
				"south": {"uv": [0, 0, 0.36, 0.5], "texture": "#0"},
				"west": {"uv": [0, 0, 0.4, 0.5], "texture": "#0"},
				"up": {"uv": [0, 0, 0.36, 0.4], "texture": "#0"},
				"down": {"uv": [0, 0, 0.36, 0.4], "texture": "#0"}
			}
		},
		{
			"from": [7.4, 6.1, 11.5],
			"to": [8.6, 6.5, 16.5],
			"rotation": {"angle": 0, "axis": "y", "origin": [7.4, 6.6, 11.5]},
			"faces": {
				"north": {"uv": [0, 0, 2, 0.8], "texture": "#0"},
				"east": {"uv": [0, 0, 10, 0.8], "texture": "#0"},
				"south": {"uv": [1, 0, 3, 0.8], "texture": "#0"},
				"west": {"uv": [0, 0, 10, 0.8], "texture": "#0"},
				"up": {"uv": [1, 0, 3, 10], "texture": "#0"},
				"down": {"uv": [0, 0, 2, 10], "texture": "#0"}
			}
		},
		{
			"from": [8.1, 6.5, 15.5],
			"to": [8.6, 6.7, 15.9],
			"rotation": {"angle": 0, "axis": "y", "origin": [7.2, 7, 15.5]},
			"faces": {
				"north": {"uv": [0, 0, 1, 0.4], "texture": "#0"},
				"east": {"uv": [0, 0, 0.8, 0.4], "texture": "#0"},
				"south": {"uv": [0, 0, 1, 0.4], "texture": "#0"},
				"west": {"uv": [0, 0, 0.8, 0.4], "texture": "#0"},
				"up": {"uv": [0, 0, 1, 0.8], "texture": "#0"},
				"down": {"uv": [0, 0, 1, 0.8], "texture": "#0"}
			}
		},
		{
			"from": [7.9, 6.5, 15.5],
			"to": [8.1, 6.6, 15.9],
			"rotation": {"angle": 0, "axis": "y", "origin": [7, 7, 15.5]},
			"faces": {
				"north": {"uv": [0, 0, 0.4, 0.2], "texture": "#0"},
				"east": {"uv": [0, 0, 0.8, 0.2], "texture": "#0"},
				"south": {"uv": [0, 0, 0.4, 0.2], "texture": "#0"},
				"west": {"uv": [0, 0, 0.8, 0.2], "texture": "#0"},
				"up": {"uv": [0, 0, 0.4, 0.8], "texture": "#0"},
				"down": {"uv": [0, 0, 0.4, 0.8], "texture": "#0"}
			}
		},
		{
			"from": [7.4, 6.5, 15.5],
			"to": [7.9, 6.7, 15.9],
			"rotation": {"angle": 0, "axis": "y", "origin": [7.4, 7, 15.5]},
			"faces": {
				"north": {"uv": [0, 0, 1, 0.4], "texture": "#0"},
				"east": {"uv": [0, 0, 0.8, 0.4], "texture": "#0"},
				"south": {"uv": [0, 0, 1, 0.4], "texture": "#0"},
				"west": {"uv": [0, 0, 0.8, 0.4], "texture": "#0"},
				"up": {"uv": [0, 0, 1, 0.8], "texture": "#0"},
				"down": {"uv": [0, 0, 1, 0.8], "texture": "#0"}
			}
		},
		{
			"from": [7.5, 6.7, 15.5],
			"to": [7.9, 6.78, 15.9],
			"rotation": {"angle": 0, "axis": "y", "origin": [7.5, 7.2, 15.5]},
			"faces": {
				"north": {"uv": [0, 0, 0.8, 0.16], "texture": "#0"},
				"east": {"uv": [0, 0, 0.8, 0.16], "texture": "#0"},
				"south": {"uv": [0, 0, 0.8, 0.16], "texture": "#0"},
				"west": {"uv": [0, 0, 0.8, 0.16], "texture": "#0"},
				"up": {"uv": [0, 0, 0.8, 0.8], "texture": "#0"},
				"down": {"uv": [0, 0, 0.8, 0.8], "texture": "#0"}
			}
		},
		{
			"from": [8.1, 6.7, 15.5],
			"to": [8.5, 6.78, 15.9],
			"rotation": {"angle": 0, "axis": "y", "origin": [8.1, 7.2, 15.5]},
			"faces": {
				"north": {"uv": [0, 0, 0.8, 0.16], "texture": "#0"},
				"east": {"uv": [0, 0, 0.8, 0.16], "texture": "#0"},
				"south": {"uv": [0, 0, 0.8, 0.16], "texture": "#0"},
				"west": {"uv": [0, 0, 0.8, 0.16], "texture": "#0"},
				"up": {"uv": [0, 0, 0.8, 0.8], "texture": "#0"},
				"down": {"uv": [0, 0, 0.8, 0.8], "texture": "#0"}
			}
		},
		{
			"from": [8.5, 6.7, 15.5],
			"to": [8.6, 6.75, 15.9],
			"rotation": {"angle": 0, "axis": "y", "origin": [8.5, 7.2, 15.5]},
			"faces": {
				"north": {"uv": [0, 0, 0.2, 0.1], "texture": "#0"},
				"east": {"uv": [0, 0, 0.8, 0.1], "texture": "#0"},
				"south": {"uv": [0, 0, 0.2, 0.1], "texture": "#0"},
				"west": {"uv": [0, 0, 0.8, 0.1], "texture": "#0"},
				"up": {"uv": [0, 0, 0.2, 0.8], "texture": "#0"},
				"down": {"uv": [0, 0, 0.2, 0.8], "texture": "#0"}
			}
		},
		{
			"from": [7.4, 6.7, 15.5],
			"to": [7.5, 6.75, 15.9],
			"rotation": {"angle": 0, "axis": "y", "origin": [7.4, 7.2, 15.5]},
			"faces": {
				"north": {"uv": [0, 0, 0.2, 0.1], "texture": "#0"},
				"east": {"uv": [0, 0, 0.8, 0.1], "texture": "#0"},
				"south": {"uv": [0, 0, 0.2, 0.1], "texture": "#0"},
				"west": {"uv": [0, 0, 0.8, 0.1], "texture": "#0"},
				"up": {"uv": [0, 0, 0.2, 0.8], "texture": "#0"},
				"down": {"uv": [0, 0, 0.2, 0.8], "texture": "#0"}
			}
		},
		{
			"from": [7.4, 5.2, 15.5],
			"to": [8.5, 6.1, 16.5],
			"rotation": {"angle": 0, "axis": "y", "origin": [7.3, 5.2, 15.5]},
			"faces": {
				"north": {"uv": [0, 0, 2, 1.8], "texture": "#0"},
				"east": {"uv": [0, 0, 2, 1.8], "texture": "#0"},
				"south": {"uv": [1, 0, 3, 1.8], "texture": "#0"},
				"west": {"uv": [0, 0, 2, 1.8], "texture": "#0"},
				"up": {"uv": [0, 0, 2, 2], "texture": "#0"},
				"down": {"uv": [0, 0, 2, 2], "texture": "#0"}
			}
		},
		{
			"from": [7.7, 3.4, 12.4],
			"to": [8.3, 3.6, 14.1],
			"rotation": {"angle": 0, "axis": "y", "origin": [7.7, 3.4, 12.4]},
			"faces": {
				"north": {"uv": [0, 0, 1.2, 0.4], "texture": "#3"},
				"east": {"uv": [0, 0, 3.4, 0.4], "texture": "#3"},
				"south": {"uv": [0, 0, 1.2, 0.4], "texture": "#3"},
				"west": {"uv": [0, 0, 3.4, 0.4], "texture": "#3"},
				"up": {"uv": [0, 0, 1.2, 3.4], "texture": "#3"},
				"down": {"uv": [0, 0, 1.2, 3.4], "texture": "#3"}
			}
		},
		{
			"from": [7.7, 3.4, 12.2],
			"to": [8.3, 4.5, 12.4],
			"rotation": {"angle": 0, "axis": "y", "origin": [7.7, 3.4, 12.2]},
			"faces": {
				"north": {"uv": [0, 0, 1.2, 2.2], "texture": "#3"},
				"east": {"uv": [0, 0, 0.4, 2.2], "texture": "#3"},
				"south": {"uv": [0, 0, 1.2, 2.2], "texture": "#3"},
				"west": {"uv": [0, 0, 0.4, 2.2], "texture": "#3"},
				"up": {"uv": [0, 0, 1.2, 0.4], "texture": "#3"},
				"down": {"uv": [0, 0, 1.2, 0.4], "texture": "#3"}
			}
		},
		{
			"from": [7.2, 0.6, 14.3],
			"to": [8.8, 5.1, 16.3],
			"rotation": {"angle": -22.5, "axis": "x", "origin": [8, 3.1, 15.3]},
			"faces": {
				"north": {"uv": [0, 0, 3.2, 9], "rotation": 180, "texture": "#4"},
				"east": {"uv": [0, 0, 4, 9], "rotation": 180, "texture": "#4"},
				"south": {"uv": [0, 0, 3.2, 9], "rotation": 180, "texture": "#4"},
				"west": {"uv": [0, 0, 4, 9], "rotation": 180, "texture": "#4"},
				"up": {"uv": [0, 0, 3.2, 4], "texture": "#4"},
				"down": {"uv": [0, 0, 3.2, 4], "texture": "#4"}
			}
		}
	],
	"display": {
		"thirdperson_righthand": {
			"rotation": [1.5, 0, 0],
			"translation": [-0.25, 2, -2],
			"scale": [0.5, 0.5, 0.5]
		},
		"thirdperson_lefthand": {
			"translation": [0, 2, -2.5],
			"scale": [0.5, 0.5, 0.5]
		},
		"firstperson_righthand": {
			"rotation": [60, 0, 0],
			"translation": [1, 9.5, 0.5]
		},
		"firstperson_lefthand": {
			"rotation": [60, 0, 0],
			"translation": [0.75, 10.75, -0.25]
		},
		"ground": {
			"translation": [0, 3.75, -3.25]
		},
		"gui": {
			"rotation": [-162.03, 47.12, 176.61],
			"translation": [-4.5, 4, 0],
			"scale": [1.5, 1.5, 1.5]
		},
		"head": {
			"rotation": [180, 0, 180],
			"translation": [0, 6.75, -8]
		},
		"fixed": {
			"rotation": [0, -90, 0],
			"translation": [4.25, 3.5, -1.75]
		}
	},
	"groups": [
		{
			"name": "group",
			"origin": [7, 0, 14],
			"color": 0,
			"children": [
				{
					"name": "group",
					"origin": [7, 5, 5.5],
					"color": 0,
					"children": [
						{
							"name": "group",
							"origin": [8.5, 5, 11.5],
							"color": 0,
							"children": [0, 1, 2, 3, 4, 5, 6, 7, 8, 9]
						},
						{
							"name": "group",
							"origin": [8.5, 5, 11.5],
							"color": 0,
							"children": [10, 11, 12, 13, 14, 15, 16, 17, 18, 19, 20, 21, 22, 23, 24, 25, 26]
						},
						27,
						28,
						29,
						30,
						31,
						32,
						33,
						34,
						{
							"name": "group",
							"origin": [8.2, 6, 6.4],
							"color": 0,
							"children": []
						},
						{
							"name": "group",
							"origin": [8.2, 6, 6.4],
							"color": 0,
							"children": []
						},
						35,
						36,
						37,
						38,
						39,
						40,
						41,
						42,
						43,
						44,
						45,
						{
							"name": "group",
							"origin": [8.1, 7, 15.5],
							"color": 0,
							"children": [46, 47, 48, 49, 50, 51, 52]
						},
						53
					]
				},
				{
					"name": "group",
					"origin": [7, 5, 5],
					"color": 0,
					"children": [54, 55, 56]
				}
			]
		}
	]
}