{
	"credit": "Made with Blockbench",
	"textures": {
		"0": "guns/steve",
		"particle": "guns/steve",
		"texture": "guns/gray2",
		"sks1": "guns/black",
		"sks2": "guns/gray3",
		"scope": "guns/holo"
	},
	"elements": [
		{
			"from": [7.375, 6, 17.75],
			"to": [8.625, 7.125, 19.25],
			"faces": {
				"north": {"uv": [7.375, 8.875, 8.625, 10], "texture": "#texture", "cullface": "south"},
				"east": {"uv": [12.75, 8.875, 14.25, 10], "texture": "#texture", "cullface": "south"},
				"south": {"uv": [7.375, 8.875, 8.625, 10], "texture": "#texture", "cullface": "south"},
				"west": {"uv": [1.75, 8.875, 3.25, 10], "texture": "#texture", "cullface": "south"},
				"down": {"uv": [7.375, 12.75, 8.625, 14.25], "texture": "#texture", "cullface": "south"}
			}
		},
		{
			"from": [7.3752, 2.8125, 17.75],
			"to": [8.6252, 6, 19.1875],
			"rotation": {"angle": -22.5, "axis": "x", "origin": [7.3752, 6, 17.75]},
			"faces": {
				"north": {"uv": [7.3748, 9.75737, 8.6248, 12.94487], "texture": "#texture", "cullface": "south"},
				"east": {"uv": [11.5927, 9.75737, 13.0302, 12.94487], "texture": "#texture", "cullface": "south"},
				"south": {"uv": [7.3752, 9.75737, 8.6252, 12.94487], "texture": "#texture", "cullface": "south"},
				"west": {"uv": [2.9698, 9.75737, 4.4073, 12.94487], "texture": "#texture", "cullface": "south"},
				"down": {"uv": [7.3752, 11.5927, 8.6252, 13.0302], "texture": "#texture", "cullface": "south"}
			}
		},
		{
			"from": [7.375, 4.875, 18.125],
			"to": [8.625, 5.375, 18.5],
			"rotation": {"angle": 22.5, "axis": "x", "origin": [7.375, 5.375, 18.125]},
			"faces": {
				"north": {"uv": [7.375, 10.58694, 8.625, 11.08694], "texture": "#texture", "cullface": "south"},
				"east": {"uv": [13.69134, 10.58694, 14.06634, 11.08694], "texture": "#texture", "cullface": "south"},
				"south": {"uv": [7.375, 10.58694, 8.625, 11.08694], "texture": "#texture", "cullface": "south"},
				"west": {"uv": [1.93366, 10.58694, 2.30866, 11.08694], "texture": "#texture", "cullface": "south"},
				"up": {"uv": [7.375, 1.93366, 8.625, 2.30866], "texture": "#texture", "cullface": "south"},
				"down": {"uv": [7.375, 13.69134, 8.625, 14.06634], "texture": "#texture", "cullface": "south"}
			}
		},
		{
			"from": [7.375, 4, 18.5],
			"to": [8.625, 4.5, 18.875],
			"rotation": {"angle": 22.5, "axis": "x", "origin": [7.375, 4.5, 18.5]},
			"faces": {
				"north": {"uv": [7.375, 11.46194, 8.625, 11.96194], "texture": "#texture", "cullface": "south"},
				"east": {"uv": [13.31634, 11.46194, 13.69134, 11.96194], "texture": "#texture", "cullface": "south"},
				"south": {"uv": [7.375, 11.46194, 8.625, 11.96194], "texture": "#texture", "cullface": "south"},
				"west": {"uv": [2.30866, 11.46194, 2.68366, 11.96194], "texture": "#texture", "cullface": "south"},
				"up": {"uv": [7.375, 2.30866, 8.625, 2.68366], "texture": "#texture", "cullface": "south"},
				"down": {"uv": [7.375, 13.31634, 8.625, 13.69134], "texture": "#texture", "cullface": "south"}
			}
		},
		{
			"from": [7.375, 3.125, 18.875],
			"to": [8.625, 3.625, 19.25],
			"rotation": {"angle": 22.5, "axis": "x", "origin": [7.375, 3.625, 18.875]},
			"faces": {
				"north": {"uv": [7.375, 12.33694, 8.625, 12.83694], "texture": "#texture", "cullface": "south"},
				"east": {"uv": [12.94134, 12.33694, 13.31634, 12.83694], "texture": "#texture", "cullface": "south"},
				"south": {"uv": [7.375, 12.33694, 8.625, 12.83694], "texture": "#texture", "cullface": "south"},
				"west": {"uv": [2.68366, 12.33694, 3.05866, 12.83694], "texture": "#texture", "cullface": "south"},
				"up": {"uv": [7.375, 2.68366, 8.625, 3.05866], "texture": "#texture", "cullface": "south"},
				"down": {"uv": [7.375, 12.94134, 8.625, 13.31634], "texture": "#texture", "cullface": "south"}
			}
		},
		{
			"from": [7.375, 3, 19],
			"to": [8.625, 3.125, 20.375],
			"rotation": {"angle": -22.5, "axis": "x", "origin": [7.375, 3.125, 19]},
			"faces": {
				"north": {"uv": [7.375, 12.86549, 8.625, 12.99049], "texture": "#texture", "cullface": "south"},
				"east": {"uv": [11.57716, 12.86549, 12.95216, 12.99049], "texture": "#texture", "cullface": "south"},
				"south": {"uv": [7.375, 12.86549, 8.625, 12.99049], "texture": "#texture", "cullface": "south"},
				"west": {"uv": [3.04784, 12.86549, 4.42284, 12.99049], "texture": "#texture", "cullface": "south"},
				"up": {"uv": [7.375, 3.04784, 8.625, 4.42284], "texture": "#texture", "cullface": "south"},
				"down": {"uv": [7.375, 11.57716, 8.625, 12.95216], "texture": "#texture", "cullface": "south"}
			}
		},
		{
			"from": [7.625, 6.25, 17.625],
			"to": [8.375, 7.125, 17.75],
			"faces": {
				"north": {"uv": [7.625, 8.875, 8.375, 9.75], "texture": "#sks1", "cullface": "south"},
				"east": {"uv": [14.25, 8.875, 14.375, 9.75], "texture": "#sks1", "cullface": "south"},
				"west": {"uv": [1.625, 8.875, 1.75, 9.75], "texture": "#sks1", "cullface": "south"},
				"down": {"uv": [7.625, 14.25, 8.375, 14.375], "texture": "#sks1", "cullface": "south"}
			}
		},
		{
			"from": [7.625, 6.25, 15.875],
			"to": [8.375, 7.125, 16],
			"faces": {
				"north": {"uv": [7.625, 8.875, 8.375, 9.75], "texture": "#sks1"},
				"east": {"uv": [0, 8.875, 0.125, 9.75], "texture": "#sks1"},
				"south": {"uv": [7.625, 8.875, 8.375, 9.75], "texture": "#sks1", "cullface": "south"},
				"west": {"uv": [15.875, 8.875, 16, 9.75], "texture": "#sks1"},
				"down": {"uv": [7.625, 0, 8.375, 0.125], "texture": "#sks1"}
			}
		},
		{
			"from": [7.625, 5.875, 15.875],
			"to": [8.375, 6.25, 16],
			"rotation": {"angle": -45, "axis": "x", "origin": [7.625, 6.25, 15.875]},
			"faces": {
				"north": {"uv": [7.625, 9.64017, 8.375, 10.01517], "texture": "#sks1", "cullface": "south"},
				"east": {"uv": [15.73483, 9.64017, 15.85983, 10.01517], "texture": "#sks1", "cullface": "south"},
				"south": {"uv": [7.625, 9.64017, 8.375, 10.01517], "texture": "#sks1", "cullface": "south"},
				"west": {"uv": [0.14017, 9.64017, 0.26517, 10.01517], "texture": "#sks1", "cullface": "south"}
			}
		},
		{
			"from": [7.625, 6, 17.625],
			"to": [8.375, 6.375, 17.75],
			"rotation": {"angle": 45, "axis": "x", "origin": [7.625, 6.375, 17.625]},
			"faces": {
				"north": {"uv": [7.625, 9.51517, 8.375, 9.89017], "texture": "#sks1", "cullface": "south"},
				"east": {"uv": [14.51517, 9.51517, 14.64017, 9.89017], "texture": "#sks1", "cullface": "south"},
				"south": {"uv": [7.625, 9.51517, 8.375, 9.89017], "texture": "#sks1", "cullface": "south"},
				"west": {"uv": [1.35984, 9.51517, 1.48484, 9.89017], "texture": "#sks1", "cullface": "south"}
			}
		},
		{
			"from": [7.625, 6, 16.125],
			"to": [8.375, 6.125, 17.4375],
			"faces": {
				"north": {"uv": [7.625, 9.875, 8.375, 10], "texture": "#sks1", "cullface": "south"},
				"east": {"uv": [14.5625, 9.875, 15.875, 10], "texture": "#sks1", "cullface": "south"},
				"south": {"uv": [7.625, 9.875, 8.375, 10], "texture": "#sks1", "cullface": "south"},
				"west": {"uv": [0.125, 9.875, 1.4375, 10], "texture": "#sks1", "cullface": "south"},
				"up": {"uv": [7.625, 0.125, 8.375, 1.4375], "texture": "#sks1", "cullface": "south"},
				"down": {"uv": [7.625, 14.5625, 8.375, 15.875], "texture": "#sks1", "cullface": "south"}
			}
		},
		{
			"from": [7.875, 6.5, 17.25],
			"to": [8.125, 7.125, 17.375],
			"faces": {
				"north": {"uv": [7.875, 8.875, 8.125, 9.5], "texture": "#sks1", "cullface": "south"},
				"east": {"uv": [14.625, 8.875, 14.75, 9.5], "texture": "#sks1", "cullface": "south"},
				"south": {"uv": [7.875, 8.875, 8.125, 9.5], "texture": "#sks1", "cullface": "south"},
				"west": {"uv": [1.25, 8.875, 1.375, 9.5], "texture": "#sks1", "cullface": "south"},
				"down": {"uv": [7.875, 14.625, 8.125, 14.75], "texture": "#sks1", "cullface": "south"}
			}
		},
		{
			"from": [7.875, 6.1875, 17.25],
			"to": [8.125, 6.5625, 17.375],
			"rotation": {"angle": 22.5, "axis": "x", "origin": [7.875, 6.5625, 17.25]},
			"faces": {
				"north": {"uv": [7.875, 9.40896, 8.125, 9.78396], "texture": "#sks1", "cullface": "south"},
				"east": {"uv": [14.76851, 9.40896, 14.89351, 9.78396], "texture": "#sks1", "cullface": "south"},
				"south": {"uv": [7.875, 9.40896, 8.125, 9.78396], "texture": "#sks1", "cullface": "south"},
				"west": {"uv": [1.10649, 9.40896, 1.23149, 9.78396], "texture": "#sks1", "cullface": "south"}
			}
		},
		{
			"from": [7.125, 7.625, -0.125],
			"to": [8.875, 8.625, 5.125],
			"faces": {
				"east": {"uv": [10.875, 7.375, 16, 8.375], "texture": "#texture", "cullface": "north"},
				"south": {"uv": [7.125, 7.375, 8.875, 8.375], "texture": "#texture", "cullface": "north"},
				"west": {"uv": [0, 7.375, 5.125, 8.375], "texture": "#texture", "cullface": "north"},
				"up": {"uv": [7.125, 0, 8.875, 5.125], "texture": "#texture", "cullface": "north"},
				"down": {"uv": [7.125, 10.875, 8.875, 16], "texture": "#texture", "cullface": "north"}
			}
		},
		{
			"from": [7.125, 7.625, 5.125],
			"to": [8.375, 8.625, 19.25],
			"faces": {
				"east": {"uv": [0, 7.375, 10.875, 8.375], "texture": "#texture", "cullface": "south"},
				"south": {"uv": [7.125, 7.375, 8.375, 8.375], "texture": "#texture", "cullface": "south"},
				"west": {"uv": [5.125, 7.375, 16, 8.375], "texture": "#texture", "cullface": "south"},
				"up": {"uv": [7.125, 5.125, 8.375, 16], "texture": "#texture", "cullface": "south"},
				"down": {"uv": [7.125, 0, 8.375, 10.875], "texture": "#texture", "cullface": "south"}
			}
		},
		{
			"from": [7.375, 7.044, -0.125],
			"to": [8.625, 7.544, 19.25],
			"faces": {
				"east": {"uv": [0, 8.456, 16, 8.956], "texture": "#texture", "cullface": "south"},
				"south": {"uv": [7.375, 8.456, 8.625, 8.956], "texture": "#texture", "cullface": "south"},
				"west": {"uv": [0, 8.456, 16, 8.956], "texture": "#texture", "cullface": "south"},
				"up": {"uv": [7.375, 0, 8.625, 16], "texture": "#texture", "cullface": "south"},
				"down": {"uv": [7.375, 0, 8.625, 16], "texture": "#texture", "cullface": "south"}
			}
		},
		{
			"from": [7.125, 7, -0.125],
			"to": [7.5, 7.625, 19.25],
			"rotation": {"angle": 22.5, "axis": "z", "origin": [7.125, 7.625, -0.125]},
			"faces": {
				"north": {"uv": [8.26082, 8.32743, 8.63582, 8.95243], "texture": "#texture", "cullface": "south"},
				"east": {"uv": [0, 8.32743, 16, 8.95243], "texture": "#texture", "cullface": "south"},
				"south": {"uv": [7.36418, 8.32743, 7.73918, 8.95243], "texture": "#texture", "cullface": "south"},
				"west": {"uv": [0, 8.32743, 16, 8.95243], "texture": "#texture", "cullface": "south"},
				"up": {"uv": [7.36418, 0, 7.73918, 16], "texture": "#texture", "cullface": "south"}
			}
		},
		{
			"from": [8.5277, 7.145, -0.125],
			"to": [8.9027, 7.77, 19.25],
			"rotation": {"angle": -22.5, "axis": "z", "origin": [8.52768, 7.77, -0.125]},
			"faces": {
				"north": {"uv": [7.33648, 8.18243, 7.71148, 8.80743], "texture": "#texture", "cullface": "south"},
				"east": {"uv": [0, 8.18243, 16, 8.80743], "texture": "#texture", "cullface": "south"},
				"south": {"uv": [8.28852, 8.18243, 8.66352, 8.80743], "texture": "#texture", "cullface": "south"},
				"west": {"uv": [0, 8.18243, 16, 8.80743], "texture": "#texture", "cullface": "south"},
				"up": {"uv": [8.28852, 0, 8.66352, 16], "texture": "#texture", "cullface": "south"}
			}
		},
		{
			"from": [7.125, 8.875, -0.125],
			"to": [8.875, 9.125, 5.125],
			"faces": {
				"east": {"uv": [10.875, 6.875, 16, 7.125], "texture": "#texture", "cullface": "north"},
				"west": {"uv": [0, 6.875, 5.125, 7.125], "texture": "#texture", "cullface": "north"},
				"up": {"uv": [7.125, 0, 8.875, 5.125], "texture": "#texture", "cullface": "north"},
				"down": {"uv": [7.125, 10.875, 8.875, 16], "texture": "#texture", "cullface": "north"}
			}
		},
		{
			"from": [7.3635, 9.0685, -0.125],
			"to": [7.7385, 9.6935, 5.125],
			"rotation": {"angle": -22.5, "axis": "z", "origin": [7.3635, 9.6935, -0.125]},
			"faces": {
				"north": {"uv": [8.50068, 6.25893, 8.87568, 6.88393], "texture": "#texture", "cullface": "north"},
				"south": {"uv": [7.12432, 6.25893, 7.49932, 6.88393], "texture": "#texture", "cullface": "north"},
				"west": {"uv": [0, 6.25893, 5.125, 6.88393], "texture": "#texture", "cullface": "north"}
			}
		},
		{
			"from": [8.287, 8.935, -0.125],
			"to": [8.662, 9.56, 5.125],
			"rotation": {"angle": 22.5, "axis": "z", "origin": [8.287, 9.56, -0.125]},
			"faces": {
				"north": {"uv": [7.09882, 6.39243, 7.47382, 7.01743], "texture": "#texture", "cullface": "north"},
				"east": {"uv": [10.875, 6.39243, 16, 7.01743], "texture": "#texture", "cullface": "north"},
				"south": {"uv": [8.52618, 6.39243, 8.90118, 7.01743], "texture": "#texture", "cullface": "north"}
			}
		},
		{
			"from": [7.375, 9.0625, -0.125],
			"to": [8.625, 9.6875, 5.125],
			"faces": {
				"east": {"uv": [10.875, 6.3125, 16, 6.9375], "texture": "#texture", "cullface": "north"},
				"west": {"uv": [0, 6.3125, 5.125, 6.9375], "texture": "#texture", "cullface": "north"},
				"up": {"uv": [7.375, 0, 8.625, 5.125], "texture": "#texture", "cullface": "north"}
			}
		},
		{
			"from": [7.125, 8.625, -0.125],
			"to": [8.875, 8.875, 0.625],
			"faces": {
				"east": {"uv": [15.375, 7.125, 16, 7.375], "texture": "#texture", "cullface": "north"},
				"south": {"uv": [7.125, 7.125, 8.875, 7.375], "texture": "#texture", "cullface": "north"},
				"west": {"uv": [0, 7.125, 0.625, 7.375], "texture": "#texture", "cullface": "north"}
			}
		},
		{
			"from": [7.125, 8.625, 4.375],
			"to": [8.875, 8.875, 5.125],
			"faces": {
				"north": {"uv": [7.125, 7.125, 8.875, 7.375], "texture": "#texture"},
				"east": {"uv": [10.875, 7.125, 11.625, 7.375], "texture": "#texture"},
				"west": {"uv": [4.375, 7.125, 5.125, 7.375], "texture": "#texture"}
			}
		},
		{
			"from": [7.125, 8.625, 1.375],
			"to": [8.875, 8.875, 2.125],
			"faces": {
				"north": {"uv": [7.125, 7.125, 8.875, 7.375], "texture": "#texture"},
				"east": {"uv": [13.875, 7.125, 14.625, 7.375], "texture": "#texture"},
				"south": {"uv": [7.125, 7.125, 8.875, 7.375], "texture": "#texture"},
				"west": {"uv": [1.375, 7.125, 2.125, 7.375], "texture": "#texture"}
			}
		},
		{
			"from": [7.125, 8.625, 2.875],
			"to": [8.875, 8.875, 3.625],
			"faces": {
				"north": {"uv": [7.125, 7.125, 8.875, 7.375], "texture": "#texture"},
				"east": {"uv": [12.375, 7.125, 13.125, 7.375], "texture": "#texture"},
				"south": {"uv": [7.125, 7.125, 8.875, 7.375], "texture": "#texture"},
				"west": {"uv": [2.875, 7.125, 3.625, 7.375], "texture": "#texture"}
			}
		},
		{
			"from": [7.125, 8.625, 5.1251],
			"to": [8.875, 9.125, 5.3751],
			"faces": {
				"north": {"uv": [7.125, 6.875, 8.875, 7.375], "texture": "#sks1"},
				"east": {"uv": [10.6249, 6.875, 10.8749, 7.375], "texture": "#sks1"},
				"south": {"uv": [7.125, 6.875, 8.875, 7.375], "texture": "#sks1"},
				"west": {"uv": [5.1251, 6.875, 5.3751, 7.375], "texture": "#sks1"},
				"up": {"uv": [7.125, 5.1251, 8.875, 5.3751], "texture": "#sks1"},
				"down": {"uv": [7.125, 10.6249, 8.875, 10.8749], "texture": "#sks1"}
			}
		},
		{
			"from": [7.375, 9.125, 5.1251],
			"to": [8.625, 9.6875, 5.3751],
			"faces": {
				"east": {"uv": [10.6249, 6.3125, 10.8749, 6.875], "texture": "#sks1"},
				"south": {"uv": [7.375, 6.3125, 8.625, 6.875], "texture": "#sks1"},
				"west": {"uv": [5.1251, 6.3125, 5.3751, 6.875], "texture": "#sks1"},
				"up": {"uv": [7.375, 5.1251, 8.625, 5.3751], "texture": "#sks1"}
			}
		},
		{
			"from": [7.3625, 9.0675, 5.125],
			"to": [7.7375, 9.6925, 5.375],
			"rotation": {"angle": -22.5, "axis": "z", "origin": [7.3625, 9.6925, 5.125]},
			"faces": {
				"north": {"uv": [8.50168, 6.25993, 8.87668, 6.88493], "texture": "#sks1"},
				"east": {"uv": [10.625, 6.25993, 10.875, 6.88493], "texture": "#sks1"},
				"south": {"uv": [7.12332, 6.25993, 7.49832, 6.88493], "texture": "#sks1"},
				"west": {"uv": [5.125, 6.25993, 5.375, 6.88493], "texture": "#sks1"}
			}
		},
		{
			"from": [8.29, 8.925, 5.125],
			"to": [8.665, 9.55, 5.375],
			"rotation": {"angle": 22.5, "axis": "z", "origin": [8.29, 9.55, 5.125]},
			"faces": {
				"north": {"uv": [7.09582, 6.40243, 7.47082, 7.02743], "texture": "#sks1"},
				"east": {"uv": [10.625, 6.40243, 10.875, 7.02743], "texture": "#sks1"},
				"south": {"uv": [8.52918, 6.40243, 8.90418, 7.02743], "texture": "#sks1"},
				"west": {"uv": [5.125, 6.40243, 5.375, 7.02743], "texture": "#sks1"}
			}
		},
		{
			"from": [7.125, 7.625, -0.2498],
			"to": [8.875, 9.125, -0.1248],
			"faces": {
				"north": {"uv": [7.125, 6.875, 8.875, 8.375], "texture": "#sks1", "cullface": "north"},
				"east": {"uv": [0.1248, 6.875, 0.2498, 8.375], "texture": "#sks1", "cullface": "north"},
				"south": {"uv": [7.125, 6.875, 8.875, 8.375], "texture": "#sks1", "cullface": "north"},
				"west": {"uv": [15.7502, 6.875, 15.8752, 8.375], "texture": "#sks1", "cullface": "north"},
				"up": {"uv": [7.125, 15.7502, 8.875, 15.8752], "texture": "#sks1", "cullface": "north"},
				"down": {"uv": [7.125, 0.1248, 8.875, 0.2498], "texture": "#sks1", "cullface": "north"}
			}
		},
		{
			"from": [7.375, 9.125, -0.2499],
			"to": [8.625, 9.6875, -0.1249],
			"faces": {
				"north": {"uv": [7.375, 6.3125, 8.625, 6.875], "texture": "#sks1", "cullface": "north"},
				"east": {"uv": [0.1249, 6.3125, 0.2499, 6.875], "texture": "#sks1", "cullface": "north"},
				"west": {"uv": [15.7501, 6.3125, 15.8751, 6.875], "texture": "#sks1", "cullface": "north"},
				"up": {"uv": [7.375, 15.7501, 8.625, 15.8751], "texture": "#sks1", "cullface": "north"}
			}
		},
		{
			"from": [7.375, 7.045, -0.2499],
			"to": [8.625, 7.7325, -0.1249],
			"faces": {
				"north": {"uv": [7.375, 8.2675, 8.625, 8.955], "texture": "#sks1", "cullface": "north"},
				"east": {"uv": [0.1249, 8.2675, 0.2499, 8.955], "texture": "#sks1", "cullface": "north"},
				"south": {"uv": [7.375, 8.2675, 8.625, 8.955], "texture": "#sks1", "cullface": "north"},
				"west": {"uv": [15.7501, 8.2675, 15.8751, 8.955], "texture": "#sks1", "cullface": "north"},
				"down": {"uv": [7.375, 0.1249, 8.625, 0.2499], "texture": "#sks1", "cullface": "north"}
			}
		},
		{
			"from": [7.3625, 9.0625, -0.25],
			"to": [7.7375, 9.6875, -0.125],
			"rotation": {"angle": -22.5, "axis": "z", "origin": [7.3625, 9.6875, -0.25]},
			"faces": {
				"north": {"uv": [8.50168, 6.26493, 8.87668, 6.88993], "texture": "#sks1", "cullface": "north"},
				"east": {"uv": [0.125, 6.26493, 0.25, 6.88993], "texture": "#sks1", "cullface": "north"},
				"south": {"uv": [7.12332, 6.26493, 7.49832, 6.88993], "texture": "#sks1", "cullface": "north"},
				"west": {"uv": [15.75, 6.26493, 15.875, 6.88993], "texture": "#sks1", "cullface": "north"}
			}
		},
		{
			"from": [8.5255, 7.141, -0.25],
			"to": [8.9005, 7.766, -0.125],
			"rotation": {"angle": -22.5, "axis": "z", "origin": [8.5255, 7.766, -0.25]},
			"faces": {
				"north": {"uv": [7.33868, 8.18642, 7.71368, 8.81142], "texture": "#sks1", "cullface": "north"},
				"east": {"uv": [0.125, 8.18642, 0.25, 8.81142], "texture": "#sks1", "cullface": "north"},
				"south": {"uv": [8.28632, 8.18642, 8.66132, 8.81142], "texture": "#sks1", "cullface": "north"}
			}
		},
		{
			"from": [8.2887, 8.93, -0.25],
			"to": [8.6637, 9.555, -0.125],
			"rotation": {"angle": 22.5, "axis": "z", "origin": [8.2887, 9.555, -0.25]},
			"faces": {
				"north": {"uv": [7.09712, 6.39743, 7.47212, 7.02243], "texture": "#sks1", "cullface": "north"},
				"east": {"uv": [0.125, 6.39743, 0.25, 7.02243], "texture": "#sks1", "cullface": "north"},
				"south": {"uv": [8.52788, 6.39743, 8.90288, 7.02243], "texture": "#sks1", "cullface": "north"},
				"west": {"uv": [15.75, 6.39743, 15.875, 7.02243], "texture": "#sks1", "cullface": "north"}
			}
		},
		{
			"from": [7.125, 7, -0.25],
			"to": [7.5, 7.625, -0.125],
			"rotation": {"angle": 22.5, "axis": "z", "origin": [7.125, 7.625, -0.25]},
			"faces": {
				"north": {"uv": [8.26082, 8.32743, 8.63582, 8.95243], "texture": "#sks1", "cullface": "north"},
				"south": {"uv": [7.36418, 8.32743, 7.73918, 8.95243], "texture": "#sks1", "cullface": "north"},
				"west": {"uv": [15.75, 8.32743, 15.875, 8.95243], "texture": "#sks1", "cullface": "north"}
			}
		},
		{
			"from": [7.375, 8.625, 5.5],
			"to": [8.625, 9.125, 6.5],
			"faces": {
				"north": {"uv": [7.375, 6.875, 8.625, 7.375], "texture": "#sks1"},
				"east": {"uv": [9.5, 6.875, 10.5, 7.375], "texture": "#sks1"},
				"south": {"uv": [7.375, 6.875, 8.625, 7.375], "texture": "#sks1"},
				"west": {"uv": [5.5, 6.875, 6.5, 7.375], "texture": "#sks1"},
				"down": {"uv": [7.375, 9.5, 8.625, 10.5], "texture": "#sks1"}
			}
		},
		{
			"from": [7.3125, 9.125, 5.5],
			"to": [8.6875, 9.625, 7.625],
			"faces": {
				"north": {"uv": [7.3125, 6.375, 8.6875, 6.875], "texture": "#sks1"},
				"east": {"uv": [8.375, 6.375, 10.5, 6.875], "texture": "#sks1"},
				"south": {"uv": [7.3125, 6.375, 8.6875, 6.875], "texture": "#sks1"},
				"west": {"uv": [5.5, 6.375, 7.625, 6.875], "texture": "#sks1"},
				"up": {"uv": [7.3125, 5.5, 8.6875, 7.625], "texture": "#sks1"},
				"down": {"uv": [7.3125, 8.375, 8.6875, 10.5], "texture": "#sks1"}
			}
		},
		{
			"from": [7.5, 8.375, 6.5],
			"to": [8.5, 9.25, 14.625],
			"faces": {
				"north": {"uv": [7.5, 6.75, 8.5, 7.625], "texture": "#sks2"},
				"east": {"uv": [1.375, 6.75, 9.5, 7.625], "texture": "#sks2"},
				"south": {"uv": [7.5, 6.75, 8.5, 7.625], "texture": "#sks2"},
				"west": {"uv": [6.5, 6.75, 14.625, 7.625], "texture": "#sks2"},
				"up": {"uv": [7.5, 6.5, 8.5, 14.625], "texture": "#sks2"},
				"down": {"uv": [7.5, 1.375, 8.5, 9.5], "texture": "#sks2"}
			}
		},
		{
			"from": [7.625, 9.25, 6.5],
			"to": [8.375, 9.5, 13.875],
			"faces": {
				"east": {"uv": [2.125, 6.5, 9.5, 6.75], "texture": "#sks2"},
				"south": {"uv": [7.625, 6.5, 8.375, 6.75], "texture": "#sks2"},
				"west": {"uv": [6.5, 6.5, 13.875, 6.75], "texture": "#sks2"},
				"up": {"uv": [7.625, 6.5, 8.375, 13.875], "texture": "#sks2"}
			}
		},
		{
			"from": [7.375, 8.625, 13.875],
			"to": [8.625, 9.375, 18.875],
			"faces": {
				"north": {"uv": [7.375, 6.625, 8.625, 7.375], "texture": "#sks1", "cullface": "south"},
				"east": {"uv": [0, 6.625, 2.125, 7.375], "texture": "#sks1", "cullface": "south"},
				"south": {"uv": [7.375, 6.625, 8.625, 7.375], "texture": "#sks1", "cullface": "south"},
				"west": {"uv": [13.875, 6.625, 16, 7.375], "texture": "#sks1", "cullface": "south"},
				"up": {"uv": [7.375, 13.875, 8.625, 16], "texture": "#sks1", "cullface": "south"},
				"down": {"uv": [7.375, 0, 8.625, 2.125], "texture": "#sks1", "cullface": "south"}
			}
		},
		{
			"from": [7.625, 9.375, 13.875],
			"to": [8.375, 9.625, 18.875],
			"faces": {
				"north": {"uv": [7.625, 6.375, 8.375, 6.625], "texture": "#sks1", "cullface": "south"},
				"east": {"uv": [0, 6.375, 2.125, 6.625], "texture": "#sks1", "cullface": "south"},
				"south": {"uv": [7.625, 6.375, 8.375, 6.625], "texture": "#sks1", "cullface": "south"},
				"west": {"uv": [13.875, 6.375, 16, 6.625], "texture": "#sks1", "cullface": "south"},
				"up": {"uv": [7.625, 13.875, 8.375, 16], "texture": "#sks1", "cullface": "south"}
			}
		},
		{
			"from": [7.375, 8.625, 11.625],
			"to": [8.625, 9.125, 13.875],
			"faces": {
				"north": {"uv": [7.375, 6.875, 8.625, 7.375], "texture": "#sks1"},
				"east": {"uv": [2.125, 6.875, 4.375, 7.375], "texture": "#sks1"},
				"west": {"uv": [11.625, 6.875, 13.875, 7.375], "texture": "#sks1"},
				"up": {"uv": [7.375, 11.625, 8.625, 13.875], "texture": "#sks1"},
				"down": {"uv": [7.375, 2.125, 8.625, 4.375], "texture": "#sks1"}
			}
		},
		{
			"from": [8.5001, 7.625, 10.6875],
			"to": [8.6251, 8.125, 12.0625],
			"rotation": {"angle": -45, "axis": "x", "origin": [8.5001, 8.125, 10.6875]},
			"faces": {
				"east": {"uv": [3.58395, 7.72855, 4.95895, 8.22855], "texture": "#sks1"},
				"west": {"uv": [11.04105, 7.72855, 12.41605, 8.22855], "texture": "#sks1"},
				"up": {"uv": [8.5001, 11.04105, 8.6251, 12.41605], "texture": "#sks1"},
				"down": {"uv": [8.5001, 3.58395, 8.6251, 4.95895], "texture": "#sks1"}
			}
		},
		{
			"from": [8.375, 7.625, 5.125],
			"to": [8.875, 8.625, 8.375],
			"faces": {
				"east": {"uv": [7.625, 7.375, 10.875, 8.375], "texture": "#texture"},
				"south": {"uv": [8.375, 7.375, 8.875, 8.375], "texture": "#texture"},
				"up": {"uv": [8.375, 5.125, 8.875, 8.375], "texture": "#texture"},
				"down": {"uv": [8.375, 7.625, 8.875, 10.875], "texture": "#texture"}
			}
		},
		{
			"from": [8.375, 7.625, 11.5],
			"to": [8.875, 8.625, 19.25],
			"faces": {
				"north": {"uv": [7.125, 7.375, 7.625, 8.375], "texture": "#texture", "cullface": "south"},
				"east": {"uv": [0, 7.375, 4.5, 8.375], "texture": "#texture", "cullface": "south"},
				"south": {"uv": [8.375, 7.375, 8.875, 8.375], "texture": "#texture", "cullface": "south"},
				"up": {"uv": [8.375, 11.5, 8.875, 16], "texture": "#texture", "cullface": "south"},
				"down": {"uv": [8.375, 0, 8.875, 4.5], "texture": "#texture", "cullface": "south"}
			}
		},
		{
			"from": [8.375, 7.625, 8.375],
			"to": [8.875, 8.4375, 11.5],
			"faces": {
				"east": {"uv": [4.5, 7.5625, 7.625, 8.375], "texture": "#texture"},
				"up": {"uv": [8.375, 8.375, 8.875, 11.5], "texture": "#texture"},
				"down": {"uv": [8.375, 4.5, 8.875, 7.625], "texture": "#texture"}
			}
		},
		{
			"from": [8.5, 8.5, 6.5],
			"to": [8.625, 8.75, 8.5],
			"faces": {
				"north": {"uv": [7.375, 7.25, 7.5, 7.5], "texture": "#sks1"},
				"east": {"uv": [7.5, 7.25, 9.5, 7.5], "texture": "#sks1"},
				"south": {"uv": [8.5, 7.25, 8.625, 7.5], "texture": "#sks1"},
				"up": {"uv": [8.5, 6.5, 8.625, 8.5], "texture": "#sks1"},
				"down": {"uv": [8.5, 7.5, 8.625, 9.5], "texture": "#sks1"}
			}
		},
		{
			"from": [7.375, 8.625, 6.5],
			"to": [7.5, 9.125, 11.625],
			"faces": {
				"west": {"uv": [6.5, 6.875, 11.625, 7.375], "texture": "#sks1"},
				"up": {"uv": [7.375, 6.5, 7.5, 11.625], "texture": "#sks1"}
			}
		},
		{
			"from": [7.625, 6.875, 11.625],
			"to": [8.375, 7.125, 15.875],
			"faces": {
				"north": {"uv": [7.625, 8.875, 8.375, 9.125], "texture": "#sks1"},
				"east": {"uv": [0.125, 8.875, 4.375, 9.125], "texture": "#sks1"},
				"west": {"uv": [11.625, 8.875, 15.875, 9.125], "texture": "#sks1"},
				"down": {"uv": [7.625, 0.125, 8.375, 4.375], "texture": "#sks1"}
			}
		},
		{
			"from": [7.4375, 4.25, 8.125],
			"to": [8.5625, 7.25, 11.375],
			"faces": {
				"north": {"uv": [7.4375, 8.75, 8.5625, 11.75], "texture": "#sks2"},
				"east": {"uv": [4.625, 8.75, 7.875, 11.75], "texture": "#sks2"},
				"south": {"uv": [7.4375, 8.75, 8.5625, 11.75], "texture": "#sks2"},
				"west": {"uv": [8.125, 8.75, 11.375, 11.75], "texture": "#sks2"},
				"down": {"uv": [7.4375, 4.625, 8.5625, 7.875], "texture": "#sks2"}
			}
		},
		{
			"from": [7.625, 6.75, 11.75],
			"to": [8.375, 6.875, 12],
			"faces": {
				"north": {"uv": [7.625, 9.125, 8.375, 9.25], "texture": "#sks1"},
				"east": {"uv": [4, 9.125, 4.25, 9.25], "texture": "#sks1"},
				"south": {"uv": [7.625, 9.125, 8.375, 9.25], "texture": "#sks1"},
				"west": {"uv": [11.75, 9.125, 12, 9.25], "texture": "#sks1"},
				"down": {"uv": [7.625, 4, 8.375, 4.25], "texture": "#sks1"}
			}
		},
		{
			"from": [7.75, 6.375, 11.9375],
			"to": [8.25, 6.875, 12.0625],
			"faces": {
				"north": {"uv": [7.75, 9.125, 8.25, 9.625], "texture": "#sks1"},
				"east": {"uv": [3.9375, 9.125, 4.0625, 9.625], "texture": "#sks1"},
				"south": {"uv": [7.75, 9.125, 8.25, 9.625], "texture": "#sks1"},
				"west": {"uv": [11.9375, 9.125, 12.0625, 9.625], "texture": "#sks1"},
				"down": {"uv": [7.75, 3.9375, 8.25, 4.0625], "texture": "#sks1"}
			}
		},
		{
			"from": [8.375, 9.125, 8.25],
			"to": [9.5, 9.375, 8.5],
			"faces": {
				"north": {"uv": [6.5, 6.625, 7.625, 6.875], "texture": "#sks2"},
				"south": {"uv": [8.375, 6.625, 9.5, 6.875], "texture": "#sks2"},
				"west": {"uv": [8.25, 6.625, 8.5, 6.875], "texture": "#sks2"},
				"up": {"uv": [8.375, 8.25, 9.5, 8.5], "texture": "#sks2"},
				"down": {"uv": [8.375, 7.5, 9.5, 7.75], "texture": "#sks2"}
			}
		},
		{
			"from": [7.625, 6.75, 0],
			"to": [8.375, 7, 4.375],
			"faces": {
				"north": {"uv": [7.625, 9, 8.375, 9.25], "texture": "#sks1", "cullface": "north"},
				"east": {"uv": [11.625, 9, 16, 9.25], "texture": "#sks1"},
				"south": {"uv": [7.625, 9, 8.375, 9.25], "texture": "#sks1"},
				"west": {"uv": [0, 9, 4.375, 9.25], "texture": "#sks1"},
				"down": {"uv": [7.625, 11.625, 8.375, 16], "texture": "#sks1"}
			}
		},
		{
			"from": [7.625, 6.625, 0],
			"to": [8.375, 6.75, 0.25],
			"faces": {
				"north": {"uv": [7.625, 9.25, 8.375, 9.375], "texture": "#sks1", "cullface": "north"},
				"east": {"uv": [15.75, 9.25, 16, 9.375], "texture": "#sks1"},
				"south": {"uv": [7.625, 9.25, 8.375, 9.375], "texture": "#sks1"},
				"west": {"uv": [0, 9.25, 0.25, 9.375], "texture": "#sks1"},
				"down": {"uv": [7.625, 15.75, 8.375, 16], "texture": "#sks1"}
			}
		},
		{
			"from": [7.625, 6.625, 0.375],
			"to": [8.375, 6.75, 0.625],
			"faces": {
				"north": {"uv": [7.625, 9.25, 8.375, 9.375], "texture": "#sks1"},
				"east": {"uv": [15.375, 9.25, 15.625, 9.375], "texture": "#sks1"},
				"south": {"uv": [7.625, 9.25, 8.375, 9.375], "texture": "#sks1"},
				"west": {"uv": [0.375, 9.25, 0.625, 9.375], "texture": "#sks1"},
				"down": {"uv": [7.625, 15.375, 8.375, 15.625], "texture": "#sks1"}
			}
		},
		{
			"from": [7.625, 6.625, 0.75],
			"to": [8.375, 6.75, 1],
			"faces": {
				"north": {"uv": [7.625, 9.25, 8.375, 9.375], "texture": "#sks1"},
				"east": {"uv": [15, 9.25, 15.25, 9.375], "texture": "#sks1"},
				"south": {"uv": [7.625, 9.25, 8.375, 9.375], "texture": "#sks1"},
				"west": {"uv": [0.75, 9.25, 1, 9.375], "texture": "#sks1"},
				"down": {"uv": [7.625, 15, 8.375, 15.25], "texture": "#sks1"}
			}
		},
		{
			"from": [7.625, 6.625, 1.125],
			"to": [8.375, 6.75, 1.375],
			"faces": {
				"north": {"uv": [7.625, 9.25, 8.375, 9.375], "texture": "#sks1"},
				"east": {"uv": [14.625, 9.25, 14.875, 9.375], "texture": "#sks1"},
				"south": {"uv": [7.625, 9.25, 8.375, 9.375], "texture": "#sks1"},
				"west": {"uv": [1.125, 9.25, 1.375, 9.375], "texture": "#sks1"},
				"down": {"uv": [7.625, 14.625, 8.375, 14.875], "texture": "#sks1"}
			}
		},
		{
			"from": [7.625, 6.625, 1.5],
			"to": [8.375, 6.75, 1.75],
			"faces": {
				"north": {"uv": [7.625, 9.25, 8.375, 9.375], "texture": "#sks1"},
				"east": {"uv": [14.25, 9.25, 14.5, 9.375], "texture": "#sks1"},
				"south": {"uv": [7.625, 9.25, 8.375, 9.375], "texture": "#sks1"},
				"west": {"uv": [1.5, 9.25, 1.75, 9.375], "texture": "#sks1"},
				"down": {"uv": [7.625, 14.25, 8.375, 14.5], "texture": "#sks1"}
			}
		},
		{
			"from": [7.625, 6.625, 1.875],
			"to": [8.375, 6.75, 2.125],
			"faces": {
				"north": {"uv": [7.625, 9.25, 8.375, 9.375], "texture": "#sks1"},
				"east": {"uv": [13.875, 9.25, 14.125, 9.375], "texture": "#sks1"},
				"south": {"uv": [7.625, 9.25, 8.375, 9.375], "texture": "#sks1"},
				"west": {"uv": [1.875, 9.25, 2.125, 9.375], "texture": "#sks1"},
				"down": {"uv": [7.625, 13.875, 8.375, 14.125], "texture": "#sks1"}
			}
		},
		{
			"from": [7.625, 6.625, 2.25],
			"to": [8.375, 6.75, 2.5],
			"faces": {
				"north": {"uv": [7.625, 9.25, 8.375, 9.375], "texture": "#sks1"},
				"east": {"uv": [13.5, 9.25, 13.75, 9.375], "texture": "#sks1"},
				"south": {"uv": [7.625, 9.25, 8.375, 9.375], "texture": "#sks1"},
				"west": {"uv": [2.25, 9.25, 2.5, 9.375], "texture": "#sks1"},
				"down": {"uv": [7.625, 13.5, 8.375, 13.75], "texture": "#sks1"}
			}
		},
		{
			"from": [7.625, 6.625, 2.625],
			"to": [8.375, 6.75, 2.875],
			"faces": {
				"north": {"uv": [7.625, 9.25, 8.375, 9.375], "texture": "#sks1"},
				"east": {"uv": [13.125, 9.25, 13.375, 9.375], "texture": "#sks1"},
				"south": {"uv": [7.625, 9.25, 8.375, 9.375], "texture": "#sks1"},
				"west": {"uv": [2.625, 9.25, 2.875, 9.375], "texture": "#sks1"},
				"down": {"uv": [7.625, 13.125, 8.375, 13.375], "texture": "#sks1"}
			}
		},
		{
			"from": [7.625, 6.625, 3],
			"to": [8.375, 6.75, 3.25],
			"faces": {
				"north": {"uv": [7.625, 9.25, 8.375, 9.375], "texture": "#sks1"},
				"east": {"uv": [12.75, 9.25, 13, 9.375], "texture": "#sks1"},
				"south": {"uv": [7.625, 9.25, 8.375, 9.375], "texture": "#sks1"},
				"west": {"uv": [3, 9.25, 3.25, 9.375], "texture": "#sks1"},
				"down": {"uv": [7.625, 12.75, 8.375, 13], "texture": "#sks1"}
			}
		},
		{
			"from": [7.625, 6.625, 3.375],
			"to": [8.375, 6.75, 3.625],
			"faces": {
				"north": {"uv": [7.625, 9.25, 8.375, 9.375], "texture": "#sks1"},
				"east": {"uv": [12.375, 9.25, 12.625, 9.375], "texture": "#sks1"},
				"south": {"uv": [7.625, 9.25, 8.375, 9.375], "texture": "#sks1"},
				"west": {"uv": [3.375, 9.25, 3.625, 9.375], "texture": "#sks1"},
				"down": {"uv": [7.625, 12.375, 8.375, 12.625], "texture": "#sks1"}
			}
		},
		{
			"from": [7.625, 6.625, 3.75],
			"to": [8.375, 6.75, 4],
			"faces": {
				"north": {"uv": [7.625, 9.25, 8.375, 9.375], "texture": "#sks1"},
				"east": {"uv": [12, 9.25, 12.25, 9.375], "texture": "#sks1"},
				"south": {"uv": [7.625, 9.25, 8.375, 9.375], "texture": "#sks1"},
				"west": {"uv": [3.75, 9.25, 4, 9.375], "texture": "#sks1"},
				"down": {"uv": [7.625, 12, 8.375, 12.25], "texture": "#sks1"}
			}
		},
		{
			"from": [7.625, 6.625, 4.125],
			"to": [8.375, 6.75, 4.375],
			"faces": {
				"north": {"uv": [7.625, 9.25, 8.375, 9.375], "texture": "#sks1"},
				"east": {"uv": [11.625, 9.25, 11.875, 9.375], "texture": "#sks1"},
				"south": {"uv": [7.625, 9.25, 8.375, 9.375], "texture": "#sks1"},
				"west": {"uv": [4.125, 9.25, 4.375, 9.375], "texture": "#sks1"},
				"down": {"uv": [7.625, 11.625, 8.375, 11.875], "texture": "#sks1"}
			}
		},
		{
			"from": [7, 7.9375, 0],
			"to": [7.125, 8.6875, 2.5],
			"faces": {
				"north": {"uv": [8.875, 7.3125, 9, 8.0625], "texture": "#sks1", "cullface": "north"},
				"south": {"uv": [7, 7.3125, 7.125, 8.0625], "texture": "#sks1"},
				"west": {"uv": [0, 7.3125, 2.5, 8.0625], "texture": "#sks1"},
				"up": {"uv": [7, 0, 7.125, 2.5], "texture": "#sks1"},
				"down": {"uv": [7, 13.5, 7.125, 16], "texture": "#sks1"}
			}
		},
		{
			"from": [8.875, 7.9375, 0],
			"to": [9, 8.6875, 2.5],
			"faces": {
				"north": {"uv": [7, 7.3125, 7.125, 8.0625], "texture": "#sks1", "cullface": "north"},
				"east": {"uv": [13.5, 7.3125, 16, 8.0625], "texture": "#sks1"},
				"south": {"uv": [8.875, 7.3125, 9, 8.0625], "texture": "#sks1"},
				"up": {"uv": [8.875, 0, 9, 2.5], "texture": "#sks1"},
				"down": {"uv": [8.875, 13.5, 9, 16], "texture": "#sks1"}
			}
		},
		{
			"from": [6.875, 7.9375, 0],
			"to": [7, 8.6875, 0.25],
			"faces": {
				"north": {"uv": [9, 7.3125, 9.125, 8.0625], "texture": "#sks1", "cullface": "north"},
				"south": {"uv": [6.875, 7.3125, 7, 8.0625], "texture": "#sks1"},
				"west": {"uv": [0, 7.3125, 0.25, 8.0625], "texture": "#sks1"},
				"up": {"uv": [6.875, 0, 7, 0.25], "texture": "#sks1"},
				"down": {"uv": [6.875, 15.75, 7, 16], "texture": "#sks1"}
			}
		},
		{
			"from": [6.875, 7.9375, 0.375],
			"to": [7, 8.6875, 0.625],
			"faces": {
				"north": {"uv": [9, 7.3125, 9.125, 8.0625], "texture": "#sks1"},
				"south": {"uv": [6.875, 7.3125, 7, 8.0625], "texture": "#sks1"},
				"west": {"uv": [0.375, 7.3125, 0.625, 8.0625], "texture": "#sks1"},
				"up": {"uv": [6.875, 0.375, 7, 0.625], "texture": "#sks1"},
				"down": {"uv": [6.875, 15.375, 7, 15.625], "texture": "#sks1"}
			}
		},
		{
			"from": [6.875, 7.9375, 0.75],
			"to": [7, 8.6875, 1],
			"faces": {
				"north": {"uv": [9, 7.3125, 9.125, 8.0625], "texture": "#sks1"},
				"south": {"uv": [6.875, 7.3125, 7, 8.0625], "texture": "#sks1"},
				"west": {"uv": [0.75, 7.3125, 1, 8.0625], "texture": "#sks1"},
				"up": {"uv": [6.875, 0.75, 7, 1], "texture": "#sks1"},
				"down": {"uv": [6.875, 15, 7, 15.25], "texture": "#sks1"}
			}
		},
		{
			"from": [6.875, 7.9375, 1.125],
			"to": [7, 8.6875, 1.375],
			"faces": {
				"north": {"uv": [9, 7.3125, 9.125, 8.0625], "texture": "#sks1"},
				"south": {"uv": [6.875, 7.3125, 7, 8.0625], "texture": "#sks1"},
				"west": {"uv": [1.125, 7.3125, 1.375, 8.0625], "texture": "#sks1"},
				"up": {"uv": [6.875, 1.125, 7, 1.375], "texture": "#sks1"},
				"down": {"uv": [6.875, 14.625, 7, 14.875], "texture": "#sks1"}
			}
		},
		{
			"from": [6.875, 7.9375, 1.5],
			"to": [7, 8.6875, 1.75],
			"faces": {
				"north": {"uv": [9, 7.3125, 9.125, 8.0625], "texture": "#sks1"},
				"south": {"uv": [6.875, 7.3125, 7, 8.0625], "texture": "#sks1"},
				"west": {"uv": [1.5, 7.3125, 1.75, 8.0625], "texture": "#sks1"},
				"up": {"uv": [6.875, 1.5, 7, 1.75], "texture": "#sks1"},
				"down": {"uv": [6.875, 14.25, 7, 14.5], "texture": "#sks1"}
			}
		},
		{
			"from": [6.875, 7.9375, 1.875],
			"to": [7, 8.6875, 2.125],
			"faces": {
				"north": {"uv": [9, 7.3125, 9.125, 8.0625], "texture": "#sks1"},
				"south": {"uv": [6.875, 7.3125, 7, 8.0625], "texture": "#sks1"},
				"west": {"uv": [1.875, 7.3125, 2.125, 8.0625], "texture": "#sks1"},
				"up": {"uv": [6.875, 1.875, 7, 2.125], "texture": "#sks1"},
				"down": {"uv": [6.875, 13.875, 7, 14.125], "texture": "#sks1"}
			}
		},
		{
			"from": [6.875, 7.9375, 2.25],
			"to": [7, 8.6875, 2.5],
			"faces": {
				"north": {"uv": [9, 7.3125, 9.125, 8.0625], "texture": "#sks1"},
				"south": {"uv": [6.875, 7.3125, 7, 8.0625], "texture": "#sks1"},
				"west": {"uv": [2.25, 7.3125, 2.5, 8.0625], "texture": "#sks1"},
				"up": {"uv": [6.875, 2.25, 7, 2.5], "texture": "#sks1"},
				"down": {"uv": [6.875, 13.5, 7, 13.75], "texture": "#sks1"}
			}
		},
		{
			"from": [9, 7.9375, 0],
			"to": [9.125, 8.6875, 0.25],
			"faces": {
				"north": {"uv": [6.875, 7.3125, 7, 8.0625], "texture": "#sks1", "cullface": "north"},
				"east": {"uv": [15.75, 7.3125, 16, 8.0625], "texture": "#sks1"},
				"south": {"uv": [9, 7.3125, 9.125, 8.0625], "texture": "#sks1"},
				"up": {"uv": [9, 0, 9.125, 0.25], "texture": "#sks1"},
				"down": {"uv": [9, 15.75, 9.125, 16], "texture": "#sks1"}
			}
		},
		{
			"from": [9, 7.9375, 0.375],
			"to": [9.125, 8.6875, 0.625],
			"faces": {
				"north": {"uv": [6.875, 7.3125, 7, 8.0625], "texture": "#sks1"},
				"east": {"uv": [15.375, 7.3125, 15.625, 8.0625], "texture": "#sks1"},
				"south": {"uv": [9, 7.3125, 9.125, 8.0625], "texture": "#sks1"},
				"up": {"uv": [9, 0.375, 9.125, 0.625], "texture": "#sks1"},
				"down": {"uv": [9, 15.375, 9.125, 15.625], "texture": "#sks1"}
			}
		},
		{
			"from": [9, 7.9375, 0.75],
			"to": [9.125, 8.6875, 1],
			"faces": {
				"north": {"uv": [6.875, 7.3125, 7, 8.0625], "texture": "#sks1"},
				"east": {"uv": [15, 7.3125, 15.25, 8.0625], "texture": "#sks1"},
				"south": {"uv": [9, 7.3125, 9.125, 8.0625], "texture": "#sks1"},
				"up": {"uv": [9, 0.75, 9.125, 1], "texture": "#sks1"},
				"down": {"uv": [9, 15, 9.125, 15.25], "texture": "#sks1"}
			}
		},
		{
			"from": [9, 7.9375, 1.125],
			"to": [9.125, 8.6875, 1.375],
			"faces": {
				"north": {"uv": [6.875, 7.3125, 7, 8.0625], "texture": "#sks1"},
				"east": {"uv": [14.625, 7.3125, 14.875, 8.0625], "texture": "#sks1"},
				"south": {"uv": [9, 7.3125, 9.125, 8.0625], "texture": "#sks1"},
				"up": {"uv": [9, 1.125, 9.125, 1.375], "texture": "#sks1"},
				"down": {"uv": [9, 14.625, 9.125, 14.875], "texture": "#sks1"}
			}
		},
		{
			"from": [9, 7.9375, 1.5],
			"to": [9.125, 8.6875, 1.75],
			"faces": {
				"north": {"uv": [6.875, 7.3125, 7, 8.0625], "texture": "#sks1"},
				"east": {"uv": [14.25, 7.3125, 14.5, 8.0625], "texture": "#sks1"},
				"south": {"uv": [9, 7.3125, 9.125, 8.0625], "texture": "#sks1"},
				"up": {"uv": [9, 1.5, 9.125, 1.75], "texture": "#sks1"},
				"down": {"uv": [9, 14.25, 9.125, 14.5], "texture": "#sks1"}
			}
		},
		{
			"from": [9, 7.9375, 1.875],
			"to": [9.125, 8.6875, 2.125],
			"faces": {
				"north": {"uv": [6.875, 7.3125, 7, 8.0625], "texture": "#sks1"},
				"east": {"uv": [13.875, 7.3125, 14.125, 8.0625], "texture": "#sks1"},
				"south": {"uv": [9, 7.3125, 9.125, 8.0625], "texture": "#sks1"},
				"up": {"uv": [9, 1.875, 9.125, 2.125], "texture": "#sks1"},
				"down": {"uv": [9, 13.875, 9.125, 14.125], "texture": "#sks1"}
			}
		},
		{
			"from": [9, 7.9375, 2.25],
			"to": [9.125, 8.6875, 2.5],
			"faces": {
				"north": {"uv": [6.875, 7.3125, 7, 8.0625], "texture": "#sks1"},
				"east": {"uv": [13.5, 7.3125, 13.75, 8.0625], "texture": "#sks1"},
				"south": {"uv": [9, 7.3125, 9.125, 8.0625], "texture": "#sks1"},
				"up": {"uv": [9, 2.25, 9.125, 2.5], "texture": "#sks1"},
				"down": {"uv": [9, 13.5, 9.125, 13.75], "texture": "#sks1"}
			}
		},
		{
			"from": [7.25, 7.625, 19.25],
			"to": [8.75, 8.625, 19.875],
			"faces": {
				"north": {"uv": [7.25, 7.375, 8.75, 8.375], "texture": "#texture", "cullface": "south"},
				"east": {"uv": [12.125, 7.375, 12.75, 8.375], "texture": "#texture", "cullface": "south"},
				"south": {"uv": [7.25, 7.375, 8.75, 8.375], "texture": "#texture", "cullface": "south"},
				"west": {"uv": [3.25, 7.375, 3.875, 8.375], "texture": "#texture", "cullface": "south"},
				"up": {"uv": [7.25, 3.25, 8.75, 3.875], "texture": "#texture", "cullface": "south"},
				"down": {"uv": [7.25, 12.125, 8.75, 12.75], "texture": "#texture", "cullface": "south"}
			}
		},
		{
			"from": [7.375, 7.25, 19.25],
			"to": [8.625, 8.375, 19.875],
			"faces": {
				"north": {"uv": [7.375, 7.625, 8.625, 8.75], "texture": "#texture", "cullface": "south"},
				"east": {"uv": [12.125, 7.625, 12.75, 8.75], "texture": "#texture", "cullface": "south"},
				"south": {"uv": [7.375, 7.625, 8.625, 8.75], "texture": "#texture", "cullface": "south"},
				"west": {"uv": [3.25, 7.625, 3.875, 8.75], "texture": "#texture", "cullface": "south"},
				"down": {"uv": [7.375, 12.125, 8.625, 12.75], "texture": "#texture", "cullface": "south"}
			}
		},
		{
			"from": [7.0625, 7.25, 19.4375],
			"to": [7.6875, 8.625, 19.9375],
			"faces": {
				"north": {"uv": [8.3125, 7.375, 8.9375, 8.75], "texture": "#texture", "cullface": "south"},
				"east": {"uv": [12.0625, 7.375, 12.5625, 8.75], "texture": "#texture", "cullface": "south"},
				"south": {"uv": [7.0625, 7.375, 7.6875, 8.75], "texture": "#texture", "cullface": "south"},
				"west": {"uv": [3.4375, 7.375, 3.9375, 8.75], "texture": "#texture", "cullface": "south"},
				"up": {"uv": [7.0625, 3.4375, 7.6875, 3.9375], "texture": "#texture", "cullface": "south"},
				"down": {"uv": [7.0625, 12.0625, 7.6875, 12.5625], "texture": "#texture", "cullface": "south"}
			}
		},
		{
			"from": [7.25, 7, 19.5625],
			"to": [7.5, 8.875, 19.8125],
			"faces": {
				"north": {"uv": [8.5, 7.125, 8.75, 9], "texture": "#sks2", "cullface": "south"},
				"east": {"uv": [12.1875, 7.125, 12.4375, 9], "texture": "#sks2", "cullface": "south"},
				"south": {"uv": [7.25, 7.125, 7.5, 9], "texture": "#sks2", "cullface": "south"},
				"west": {"uv": [3.5625, 7.125, 3.8125, 9], "texture": "#sks2", "cullface": "south"}
			}
		},
		{
			"from": [7.125, 8.8125, 19.4375],
			"to": [7.625, 8.9375, 19.9375],
			"faces": {
				"north": {"uv": [8.375, 7.0625, 8.875, 7.1875], "texture": "#texture", "cullface": "south"},
				"east": {"uv": [12.0625, 7.0625, 12.5625, 7.1875], "texture": "#texture", "cullface": "south"},
				"south": {"uv": [7.125, 7.0625, 7.625, 7.1875], "texture": "#texture", "cullface": "south"},
				"west": {"uv": [3.4375, 7.0625, 3.9375, 7.1875], "texture": "#texture", "cullface": "south"},
				"up": {"uv": [7.125, 3.4375, 7.625, 3.9375], "texture": "#texture", "cullface": "south"},
				"down": {"uv": [7.125, 12.0625, 7.625, 12.5625], "texture": "#texture", "cullface": "south"}
			}
		},
		{
			"from": [7.125, 6.9375, 19.1875],
			"to": [7.875, 7.0625, 19.9375],
			"faces": {
				"north": {"uv": [8.125, 8.9375, 8.875, 9.0625], "texture": "#texture", "cullface": "south"},
				"east": {"uv": [12.0625, 8.9375, 12.8125, 9.0625], "texture": "#texture", "cullface": "south"},
				"south": {"uv": [7.125, 8.9375, 7.875, 9.0625], "texture": "#texture", "cullface": "south"},
				"west": {"uv": [3.1875, 8.9375, 3.9375, 9.0625], "texture": "#texture", "cullface": "south"},
				"up": {"uv": [7.125, 3.1875, 7.875, 3.9375], "texture": "#texture", "cullface": "south"},
				"down": {"uv": [7.125, 12.0625, 7.875, 12.8125], "texture": "#texture", "cullface": "south"}
			}
		},
		{
			"from": [7.4375, 7.3125, 19.5],
			"to": [8.4375, 8.3125, 20.125],
			"faces": {
				"east": {"uv": [11.875, 7.6875, 12.5, 8.6875], "texture": "#texture", "cullface": "south"},
				"south": {"uv": [7.4375, 7.6875, 8.4375, 8.6875], "texture": "#texture", "cullface": "south"},
				"west": {"uv": [3.5, 7.6875, 4.125, 8.6875], "texture": "#texture", "cullface": "south"},
				"up": {"uv": [7.4375, 3.5, 8.4375, 4.125], "texture": "#texture", "cullface": "south"},
				"down": {"uv": [7.4375, 11.875, 8.4375, 12.5], "texture": "#texture", "cullface": "south"}
			}
		},
		{
			"from": [7.9419, 7.625, 20.125],
			"to": [8.5669, 8.25, 22.625],
			"rotation": {"angle": -45, "axis": "z", "origin": [7.94194, 8.25, 20.125]},
			"faces": {
				"east": {"uv": [9.375, 7.56691, 11.875, 8.19191], "texture": "#sks1", "cullface": "south"},
				"west": {"uv": [4.125, 7.56691, 6.625, 8.19191], "texture": "#sks1", "cullface": "south"},
				"up": {"uv": [7.49997, 4.125, 8.12497, 6.625], "texture": "#sks1", "cullface": "south"},
				"down": {"uv": [7.49997, 9.375, 8.12497, 11.875], "texture": "#sks1", "cullface": "south"}
			}
		},
		{
			"from": [7.5, 7.375, 22.625],
			"to": [8.375, 8.25, 23.75],
			"faces": {
				"north": {"uv": [7.625, 7.75, 8.5, 8.625], "texture": "#texture", "cullface": "south"},
				"east": {"uv": [8.25, 7.75, 9.375, 8.625], "texture": "#texture", "cullface": "south"},
				"south": {"uv": [7.5, 7.75, 8.375, 8.625], "texture": "#texture", "cullface": "south"},
				"west": {"uv": [6.625, 7.75, 7.75, 8.625], "texture": "#texture", "cullface": "south"},
				"up": {"uv": [7.5, 6.625, 8.375, 7.75], "texture": "#texture", "cullface": "south"},
				"down": {"uv": [7.5, 8.25, 8.375, 9.375], "texture": "#texture", "cullface": "south"}
			}
		},
		{
			"from": [7.4375, 7.875, 23.4375],
			"to": [8.4375, 8.25, 29.375],
			"faces": {
				"east": {"uv": [2.625, 7.75, 8.5625, 8.125], "texture": "#texture", "cullface": "south"},
				"west": {"uv": [7.4375, 7.75, 13.375, 8.125], "texture": "#texture", "cullface": "south"},
				"up": {"uv": [7.4375, 7.4375, 8.4375, 13.375], "texture": "#texture", "cullface": "south"},
				"down": {"uv": [7.4375, 2.625, 8.4375, 8.5625], "texture": "#texture", "cullface": "south"}
			}
		},
		{
			"from": [7.5625, 8.25, 23.5],
			"to": [8.3125, 8.375, 29.375],
			"faces": {
				"north": {"uv": [7.6875, 7.625, 8.4375, 7.75], "texture": "#texture", "cullface": "south"},
				"east": {"uv": [2.625, 7.625, 8.5, 7.75], "texture": "#texture", "cullface": "south"},
				"west": {"uv": [7.5, 7.625, 13.375, 7.75], "texture": "#texture", "cullface": "south"},
				"up": {"uv": [7.5625, 7.5, 8.3125, 13.375], "texture": "#texture", "cullface": "south"}
			}
		},
		{
			"from": [7.4376, 5.875, 23.375],
			"to": [8.4376, 8.125, 23.625],
			"rotation": {"angle": -22.5, "axis": "x", "origin": [7.4376, 8.125, 23.375]},
			"faces": {
				"north": {"uv": [7.5624, 7.70373, 8.5624, 9.95373], "texture": "#texture", "cullface": "south"},
				"east": {"uv": [7.51396, 7.70373, 7.76396, 9.95373], "texture": "#texture", "cullface": "south"},
				"south": {"uv": [7.4376, 7.70373, 8.4376, 9.95373], "texture": "#texture", "cullface": "south"},
				"west": {"uv": [8.23604, 7.70373, 8.48604, 9.95373], "texture": "#texture", "cullface": "south"}
			}
		},
		{
			"from": [7.5626, 3.1875, 26.75],
			"to": [8.3126, 6.0625, 27.625],
			"rotation": {"angle": -45, "axis": "x", "origin": [7.5626, 6.0625, 26.75]},
			"faces": {
				"north": {"uv": [7.6874, 9.09543, 8.4374, 11.97043], "texture": "#texture", "cullface": "south"},
				"east": {"uv": [2.34207, 9.09543, 3.21707, 11.97043], "texture": "#texture", "cullface": "south"},
				"south": {"uv": [7.5626, 9.09543, 8.3126, 11.97043], "texture": "#texture", "cullface": "south"},
				"west": {"uv": [12.78293, 9.09543, 13.65793, 11.97043], "texture": "#texture", "cullface": "south"},
				"up": {"uv": [7.5626, 12.78293, 8.3126, 13.65793], "texture": "#texture", "cullface": "south"}
			}
		},
		{
			"from": [7.4375, 6, 24.25],
			"to": [8.4375, 6.25, 29.375],
			"faces": {
				"north": {"uv": [7.5625, 9.75, 8.5625, 10], "texture": "#texture", "cullface": "south"},
				"east": {"uv": [2.625, 9.75, 7.75, 10], "texture": "#texture", "cullface": "south"},
				"west": {"uv": [8.25, 9.75, 13.375, 10], "texture": "#texture", "cullface": "south"},
				"down": {"uv": [7.4375, 2.625, 8.4375, 7.75], "texture": "#texture", "cullface": "south"}
			}
		},
		{
			"from": [7.4376, 4.125, 27.75],
			"to": [8.4376, 6.25, 28],
			"rotation": {"angle": -45, "axis": "x", "origin": [7.4376, 6.25, 27.75]},
			"faces": {
				"north": {"uv": [7.5624, 9.1276, 8.5624, 11.2526], "texture": "#texture", "cullface": "south"},
				"east": {"uv": [2.4974, 9.1276, 2.7474, 11.2526], "texture": "#texture", "cullface": "south"},
				"south": {"uv": [7.4376, 9.1276, 8.4376, 11.2526], "texture": "#texture", "cullface": "south"},
				"west": {"uv": [13.2526, 9.1276, 13.5026, 11.2526], "texture": "#texture", "cullface": "south"}
			}
		},
		{
			"from": [7.5625, 4, 28.75],
			"to": [8.3125, 5.125, 29.375],
			"faces": {
				"north": {"uv": [7.6875, 10.875, 8.4375, 12], "texture": "#texture", "cullface": "south"},
				"east": {"uv": [2.625, 10.875, 3.25, 12], "texture": "#texture", "cullface": "south"},
				"south": {"uv": [7.5625, 10.875, 8.3125, 12], "texture": "#texture", "cullface": "south"},
				"west": {"uv": [12.75, 10.875, 13.375, 12], "texture": "#texture", "cullface": "south"},
				"up": {"uv": [7.5625, 12.75, 8.3125, 13.375], "texture": "#texture", "cullface": "south"},
				"down": {"uv": [7.5625, 2.625, 8.3125, 3.25], "texture": "#texture", "cullface": "south"}
			}
		},
		{
			"from": [7.4375, 6.25, 24.25],
			"to": [8.4375, 7.875, 29.375],
			"faces": {
				"north": {"uv": [7.5625, 8.125, 8.5625, 9.75], "texture": "#texture", "cullface": "south"},
				"east": {"uv": [2.625, 8.125, 7.75, 9.75], "texture": "#texture", "cullface": "south"},
				"west": {"uv": [8.25, 8.125, 13.375, 9.75], "texture": "#texture", "cullface": "south"}
			}
		},
		{
			"from": [7.4375, 6.625, 24.125],
			"to": [8.4375, 7.875, 24.25],
			"faces": {
				"north": {"uv": [7.5625, 8.125, 8.5625, 9.375], "texture": "#texture", "cullface": "south"},
				"east": {"uv": [7.75, 8.125, 7.875, 9.375], "texture": "#texture", "cullface": "south"},
				"west": {"uv": [8.125, 8.125, 8.25, 9.375], "texture": "#texture", "cullface": "south"},
				"down": {"uv": [7.4375, 7.75, 8.4375, 7.875], "texture": "#texture", "cullface": "south"}
			}
		},
		{
			"from": [7.4375, 6.875, 24],
			"to": [8.4375, 7.875, 24.125],
			"faces": {
				"north": {"uv": [7.5625, 8.125, 8.5625, 9.125], "texture": "#texture", "cullface": "south"},
				"east": {"uv": [7.875, 8.125, 8, 9.125], "texture": "#texture", "cullface": "south"},
				"west": {"uv": [8, 8.125, 8.125, 9.125], "texture": "#texture", "cullface": "south"},
				"down": {"uv": [7.4375, 7.875, 8.4375, 8], "texture": "#texture", "cullface": "south"}
			}
		},
		{
			"from": [7.4375, 7.25, 23.875],
			"to": [8.4375, 7.875, 24],
			"faces": {
				"north": {"uv": [7.5625, 8.125, 8.5625, 8.75], "texture": "#texture", "cullface": "south"},
				"east": {"uv": [8, 8.125, 8.125, 8.75], "texture": "#texture", "cullface": "south"},
				"west": {"uv": [7.875, 8.125, 8, 8.75], "texture": "#texture", "cullface": "south"},
				"down": {"uv": [7.4375, 8, 8.4375, 8.125], "texture": "#texture", "cullface": "south"}
			}
		},
		{
			"from": [7.4375, 7.5, 23.75],
			"to": [8.4375, 7.875, 23.875],
			"faces": {
				"east": {"uv": [8.125, 8.125, 8.25, 8.5], "texture": "#texture", "cullface": "south"},
				"west": {"uv": [7.75, 8.125, 7.875, 8.5], "texture": "#texture", "cullface": "south"},
				"down": {"uv": [7.4375, 8.125, 8.4375, 8.25], "texture": "#texture", "cullface": "south"}
			}
		},
		{
			"from": [7.4375, 4.75, 29.25],
			"to": [8.4375, 6, 29.375],
			"faces": {
				"north": {"uv": [7.5625, 10, 8.5625, 11.25], "texture": "#texture", "cullface": "south"},
				"east": {"uv": [2.625, 10, 2.75, 11.25], "texture": "#texture", "cullface": "south"},
				"west": {"uv": [13.25, 10, 13.375, 11.25], "texture": "#texture", "cullface": "south"},
				"down": {"uv": [7.4375, 2.625, 8.4375, 2.75], "texture": "#texture", "cullface": "south"}
			}
		},
		{
			"from": [7.4375, 5, 29.125],
			"to": [8.4375, 6, 29.25],
			"faces": {
				"north": {"uv": [7.5625, 10, 8.5625, 11], "texture": "#texture", "cullface": "south"},
				"east": {"uv": [2.75, 10, 2.875, 11], "texture": "#texture", "cullface": "south"},
				"west": {"uv": [13.125, 10, 13.25, 11], "texture": "#texture", "cullface": "south"},
				"down": {"uv": [7.4375, 2.75, 8.4375, 2.875], "texture": "#texture", "cullface": "south"}
			}
		},
		{
			"from": [7.4375, 5.125, 29],
			"to": [8.4375, 6, 29.125],
			"faces": {
				"north": {"uv": [7.5625, 10, 8.5625, 10.875], "texture": "#texture", "cullface": "south"},
				"east": {"uv": [2.875, 10, 3, 10.875], "texture": "#texture", "cullface": "south"},
				"west": {"uv": [13, 10, 13.125, 10.875], "texture": "#texture", "cullface": "south"},
				"down": {"uv": [7.4375, 2.875, 8.4375, 3], "texture": "#texture", "cullface": "south"}
			}
		},
		{
			"from": [7.4375, 5.25, 28.875],
			"to": [8.4375, 6, 29],
			"faces": {
				"north": {"uv": [7.5625, 10, 8.5625, 10.75], "texture": "#texture", "cullface": "south"},
				"east": {"uv": [3, 10, 3.125, 10.75], "texture": "#texture", "cullface": "south"},
				"west": {"uv": [12.875, 10, 13, 10.75], "texture": "#texture", "cullface": "south"},
				"down": {"uv": [7.4375, 3, 8.4375, 3.125], "texture": "#texture", "cullface": "south"}
			}
		},
		{
			"from": [7.4375, 5.375, 28.75],
			"to": [8.4375, 6, 28.875],
			"faces": {
				"north": {"uv": [7.5625, 10, 8.5625, 10.625], "texture": "#texture", "cullface": "south"},
				"east": {"uv": [3.125, 10, 3.25, 10.625], "texture": "#texture", "cullface": "south"},
				"west": {"uv": [12.75, 10, 12.875, 10.625], "texture": "#texture", "cullface": "south"},
				"down": {"uv": [7.4375, 3.125, 8.4375, 3.25], "texture": "#texture", "cullface": "south"}
			}
		},
		{
			"from": [7.4375, 5.5, 28.625],
			"to": [8.4375, 6, 28.75],
			"faces": {
				"north": {"uv": [7.5625, 10, 8.5625, 10.5], "texture": "#texture", "cullface": "south"},
				"east": {"uv": [3.25, 10, 3.375, 10.5], "texture": "#texture", "cullface": "south"},
				"west": {"uv": [12.625, 10, 12.75, 10.5], "texture": "#texture", "cullface": "south"},
				"down": {"uv": [7.4375, 3.25, 8.4375, 3.375], "texture": "#texture", "cullface": "south"}
			}
		},
		{
			"from": [7.4375, 5.625, 28.5],
			"to": [8.4375, 6, 28.625],
			"faces": {
				"north": {"uv": [7.5625, 10, 8.5625, 10.375], "texture": "#texture", "cullface": "south"},
				"east": {"uv": [3.375, 10, 3.5, 10.375], "texture": "#texture", "cullface": "south"},
				"west": {"uv": [12.5, 10, 12.625, 10.375], "texture": "#texture", "cullface": "south"},
				"down": {"uv": [7.4375, 3.375, 8.4375, 3.5], "texture": "#texture", "cullface": "south"}
			}
		},
		{
			"from": [7.4375, 5.75, 28.375],
			"to": [8.4375, 6, 28.5],
			"faces": {
				"north": {"uv": [7.5625, 10, 8.5625, 10.25], "texture": "#texture", "cullface": "south"},
				"east": {"uv": [3.5, 10, 3.625, 10.25], "texture": "#texture", "cullface": "south"},
				"west": {"uv": [12.375, 10, 12.5, 10.25], "texture": "#texture", "cullface": "south"},
				"down": {"uv": [7.4375, 3.5, 8.4375, 3.625], "texture": "#texture", "cullface": "south"}
			}
		},
		{
			"from": [7.4375, 5.875, 28.25],
			"to": [8.4375, 6, 28.375],
			"faces": {
				"north": {"uv": [7.5625, 10, 8.5625, 10.125], "texture": "#texture", "cullface": "south"},
				"east": {"uv": [3.625, 10, 3.75, 10.125], "texture": "#texture", "cullface": "south"},
				"west": {"uv": [12.25, 10, 12.375, 10.125], "texture": "#texture", "cullface": "south"},
				"down": {"uv": [7.4375, 3.625, 8.4375, 3.75], "texture": "#texture", "cullface": "south"}
			}
		},
		{
			"from": [7.375, 4.125, 29.375],
			"to": [8.5, 8.25, 29.875],
			"faces": {
				"north": {"uv": [7.5, 7.75, 8.625, 11.875], "texture": "#sks1", "cullface": "south"},
				"east": {"uv": [2.125, 7.75, 2.625, 11.875], "texture": "#sks1", "cullface": "south"},
				"south": {"uv": [7.375, 7.75, 8.5, 11.875], "texture": "#sks1", "cullface": "south"},
				"west": {"uv": [13.375, 7.75, 13.875, 11.875], "texture": "#sks1", "cullface": "south"},
				"up": {"uv": [7.375, 13.375, 8.5, 13.875], "texture": "#sks1", "cullface": "south"},
				"down": {"uv": [7.375, 2.125, 8.5, 2.625], "texture": "#sks1", "cullface": "south"}
			}
		},
		{
			"from": [7.5, 8.25, 29.375],
			"to": [8.375, 8.4375, 29.875],
			"faces": {
				"east": {"uv": [2.125, 7.5625, 2.625, 7.75], "texture": "#sks1", "cullface": "south"},
				"south": {"uv": [7.5, 7.5625, 8.375, 7.75], "texture": "#sks1", "cullface": "south"},
				"west": {"uv": [13.375, 7.5625, 13.875, 7.75], "texture": "#sks1", "cullface": "south"},
				"up": {"uv": [7.5, 13.375, 8.375, 13.875], "texture": "#sks1", "cullface": "south"}
			}
		},
		{
			"from": [7.5, 3.9375, 29.375],
			"to": [8.375, 4.125, 29.875],
			"faces": {
				"east": {"uv": [2.125, 11.875, 2.625, 12.0625], "texture": "#sks1", "cullface": "south"},
				"south": {"uv": [7.5, 11.875, 8.375, 12.0625], "texture": "#sks1", "cullface": "south"},
				"west": {"uv": [13.375, 11.875, 13.875, 12.0625], "texture": "#sks1", "cullface": "south"},
				"down": {"uv": [7.5, 2.125, 8.375, 2.625], "texture": "#sks1", "cullface": "south"}
			}
		},
		{
			"from": [7.375, 7.5625, 24.125],
			"to": [8.5, 8.3125, 29.125],
			"faces": {
				"north": {"uv": [7.5, 7.6875, 8.625, 8.4375], "texture": "#sks1", "cullface": "south"},
				"east": {"uv": [2.875, 7.6875, 7.875, 8.4375], "texture": "#sks1", "cullface": "south"},
				"south": {"uv": [7.375, 7.6875, 8.5, 8.4375], "texture": "#sks1", "cullface": "south"},
				"west": {"uv": [8.125, 7.6875, 13.125, 8.4375], "texture": "#sks1", "cullface": "south"},
				"down": {"uv": [7.375, 2.875, 8.5, 7.875], "texture": "#sks1", "cullface": "south"}
			}
		},
		{
			"from": [7.5625, 5.875, 24.625],
			"to": [8.3125, 6.125, 25.875],
			"faces": {
				"north": {"uv": [7.6875, 9.875, 8.4375, 10.125], "texture": "#texture", "cullface": "south"},
				"east": {"uv": [6.125, 9.875, 7.375, 10.125], "texture": "#texture", "cullface": "south"},
				"south": {"uv": [7.5625, 9.875, 8.3125, 10.125], "texture": "#texture", "cullface": "south"},
				"west": {"uv": [8.625, 9.875, 9.875, 10.125], "texture": "#texture", "cullface": "south"},
				"down": {"uv": [7.5625, 6.125, 8.3125, 7.375], "texture": "#texture", "cullface": "south"}
			}
		},
		{
			"from": [7.75, 8.25, -14.5],
			"to": [8.25, 8.75, -0.25],
			"faces": {
				"north": {"uv": [7.75, 7.25, 8.25, 7.75], "texture": "#sks1", "cullface": "north"},
				"east": {"uv": [0.25, 7.25, 14.5, 7.75], "texture": "#sks1", "cullface": "north"},
				"west": {"uv": [1.5, 7.25, 15.75, 7.75], "texture": "#sks1", "cullface": "north"},
				"up": {"uv": [7.75, 1.5, 8.25, 15.75], "texture": "#sks1", "cullface": "north"},
				"down": {"uv": [7.75, 0.25, 8.25, 14.5], "texture": "#sks1", "cullface": "north"}
			}
		},
		{
			"from": [7.75, 9.125, -3.875],
			"to": [8.25, 9.625, -0.25],
			"faces": {
				"east": {"uv": [0.25, 6.375, 3.875, 6.875], "texture": "#sks1", "cullface": "north"},
				"west": {"uv": [12.125, 6.375, 15.75, 6.875], "texture": "#sks1", "cullface": "north"},
				"up": {"uv": [7.75, 12.125, 8.25, 15.75], "texture": "#sks1", "cullface": "north"},
				"down": {"uv": [7.75, 0.25, 8.25, 3.875], "texture": "#sks1", "cullface": "north"}
			}
		},
		{
			"from": [7.6875, 9.0625, -4.125],
			"to": [8.3125, 9.6875, -3.125],
			"faces": {
				"north": {"uv": [7.6875, 6.3125, 8.3125, 6.9375], "texture": "#sks1", "cullface": "north"},
				"east": {"uv": [3.125, 6.3125, 4.125, 6.9375], "texture": "#sks1", "cullface": "north"},
				"west": {"uv": [11.875, 6.3125, 12.875, 6.9375], "texture": "#sks1", "cullface": "north"},
				"up": {"uv": [7.6875, 11.875, 8.3125, 12.875], "texture": "#sks1", "cullface": "north"},
				"down": {"uv": [7.6875, 3.125, 8.3125, 4.125], "texture": "#sks1", "cullface": "north"}
			}
		},
		{
			"from": [7.6875, 8.125, -4.75],
			"to": [8.3125, 8.75, -3.625],
			"rotation": {"angle": -45, "axis": "x", "origin": [7.6875, 8.75, -4.75]},
			"faces": {
				"east": {"uv": [3.18306, 7.06694, 4.30806, 7.69194], "texture": "#sks1", "cullface": "north"},
				"west": {"uv": [11.69194, 7.06694, 12.81694, 7.69194], "texture": "#sks1", "cullface": "north"},
				"up": {"uv": [7.6875, 11.69194, 8.3125, 12.81694], "texture": "#sks1", "cullface": "north"},
				"down": {"uv": [7.6875, 3.18306, 8.3125, 4.30806], "texture": "#sks1", "cullface": "north"}
			}
		},
		{
			"from": [7.8125, 8.75, -13.625],
			"to": [8.1875, 9.75, -13.25],
			"faces": {
				"north": {"uv": [7.8125, 6.25, 8.1875, 7.25], "texture": "#sks1", "cullface": "north"},
				"east": {"uv": [13.25, 6.25, 13.625, 7.25], "texture": "#sks1", "cullface": "north"},
				"south": {"uv": [7.8125, 6.25, 8.1875, 7.25], "texture": "#sks1", "cullface": "north"},
				"west": {"uv": [2.375, 6.25, 2.75, 7.25], "texture": "#sks1", "cullface": "north"},
				"up": {"uv": [7.8125, 2.375, 8.1875, 2.75], "texture": "#sks1", "cullface": "north"}
			}
		},
		{
			"from": [7.5625, 9.75, 5.5],
			"to": [8.4375, 9.8125, 7.5],
			"faces": {
				"east": {"uv": [8.5, 6.1875, 10.5, 6.25], "texture": "#sks1"},
				"south": {"uv": [7.5625, 6.1875, 8.4375, 6.25], "texture": "#sks1"},
				"west": {"uv": [5.5, 6.1875, 7.5, 6.25], "texture": "#sks1"},
				"up": {"uv": [7.5625, 5.5, 8.4375, 7.5], "texture": "#sks1"},
				"down": {"uv": [7.5625, 8.5, 8.4375, 10.5], "texture": "#sks1"}
			}
		},
		{
			"from": [7.5625, 9.5625, 5.5],
			"to": [8.4375, 9.8125, 5.6875],
			"faces": {
				"north": {"uv": [7.5625, 6.1875, 8.4375, 6.4375], "texture": "#sks1"},
				"east": {"uv": [10.3125, 6.1875, 10.5, 6.4375], "texture": "#sks1"},
				"south": {"uv": [7.5625, 6.1875, 8.4375, 6.4375], "texture": "#sks1"},
				"west": {"uv": [5.5, 6.1875, 5.6875, 6.4375], "texture": "#sks1"}
			}
		},
		{
			"from": [7.5625, 9.5625, 7],
			"to": [8.4375, 9.8125, 7.1875],
			"faces": {
				"north": {"uv": [7.5625, 6.1875, 8.4375, 6.4375], "texture": "#sks1"},
				"east": {"uv": [8.8125, 6.1875, 9, 6.4375], "texture": "#sks1"},
				"south": {"uv": [7.5625, 6.1875, 8.4375, 6.4375], "texture": "#sks1"},
				"west": {"uv": [7, 6.1875, 7.1875, 6.4375], "texture": "#sks1"}
			}
		},
		{
			"from": [7.5625, 9.75, 7.4375],
			"to": [7.875, 9.8125, 7.6875],
			"rotation": {"angle": -45, "axis": "x", "origin": [7.5625, 9.8125, 7.4375]},
			"faces": {
				"east": {"uv": [8.26831, 6.16919, 8.51831, 6.23169], "texture": "#sks1"},
				"south": {"uv": [7.5625, 6.16919, 7.875, 6.23169], "texture": "#sks1"},
				"west": {"uv": [7.48169, 6.16919, 7.73169, 6.23169], "texture": "#sks1"},
				"up": {"uv": [7.5625, 7.48169, 7.875, 7.73169], "texture": "#sks1"},
				"down": {"uv": [7.5625, 8.26831, 7.875, 8.51831], "texture": "#sks1"}
			}
		},
		{
			"from": [8.125, 9.75, 7.4375],
			"to": [8.4375, 9.8125, 7.6875],
			"rotation": {"angle": -45, "axis": "x", "origin": [8.125, 9.8125, 7.4375]},
			"faces": {
				"east": {"uv": [8.26831, 6.16919, 8.51831, 6.23169], "texture": "#sks1"},
				"south": {"uv": [8.125, 6.16919, 8.4375, 6.23169], "texture": "#sks1"},
				"west": {"uv": [7.48169, 6.16919, 7.73169, 6.23169], "texture": "#sks1"},
				"up": {"uv": [8.125, 7.48169, 8.4375, 7.73169], "texture": "#sks1"},
				"down": {"uv": [8.125, 8.26831, 8.4375, 8.51831], "texture": "#sks1"}
			}
		},
		{
			"from": [7.9375, 9.125, -13.5],
			"to": [8.0625, 10, -13.375],
			"faces": {
				"north": {"uv": [7.9375, 6, 8.0625, 6.875], "texture": "#sks1", "cullface": "north"},
				"east": {"uv": [13.375, 6, 13.5, 6.875], "texture": "#sks1", "cullface": "north"},
				"south": {"uv": [7.9375, 6, 8.0625, 6.875], "texture": "#sks1", "cullface": "north"},
				"west": {"uv": [2.5, 6, 2.625, 6.875], "texture": "#sks1", "cullface": "north"},
				"up": {"uv": [7.9375, 2.5, 8.0625, 2.625], "texture": "#sks1", "cullface": "north"}
			}
		},
		{
			"from": [7.6875, 9.75, -13.625],
			"to": [7.8125, 10.125, -13.25],
			"faces": {
				"north": {"uv": [8.1875, 5.875, 8.3125, 6.25], "texture": "#sks1", "cullface": "north"},
				"east": {"uv": [13.25, 5.875, 13.625, 6.25], "texture": "#sks1", "cullface": "north"},
				"south": {"uv": [7.6875, 5.875, 7.8125, 6.25], "texture": "#sks1", "cullface": "north"},
				"west": {"uv": [2.375, 5.875, 2.75, 6.25], "texture": "#sks1", "cullface": "north"},
				"up": {"uv": [7.6875, 2.375, 7.8125, 2.75], "texture": "#sks1", "cullface": "north"},
				"down": {"uv": [7.6875, 13.25, 7.8125, 13.625], "texture": "#sks1", "cullface": "north"}
			}
		},
		{
			"from": [8.1875, 9.75, -13.625],
			"to": [8.3125, 10.125, -13.25],
			"faces": {
				"north": {"uv": [7.6875, 5.875, 7.8125, 6.25], "texture": "#sks1", "cullface": "north"},
				"east": {"uv": [13.25, 5.875, 13.625, 6.25], "texture": "#sks1", "cullface": "north"},
				"south": {"uv": [8.1875, 5.875, 8.3125, 6.25], "texture": "#sks1", "cullface": "north"},
				"west": {"uv": [2.375, 5.875, 2.75, 6.25], "texture": "#sks1", "cullface": "north"},
				"up": {"uv": [8.1875, 2.375, 8.3125, 2.75], "texture": "#sks1", "cullface": "north"},
				"down": {"uv": [8.1875, 13.25, 8.3125, 13.625], "texture": "#sks1", "cullface": "north"}
			}
		},
		{
			"from": [7.8125, 10.125, -13.625],
			"to": [8.1875, 10.25, -13.25],
			"faces": {
				"north": {"uv": [7.8125, 5.75, 8.1875, 5.875], "texture": "#sks1", "cullface": "north"},
				"east": {"uv": [13.25, 5.75, 13.625, 5.875], "texture": "#sks1", "cullface": "north"},
				"south": {"uv": [7.8125, 5.75, 8.1875, 5.875], "texture": "#sks1", "cullface": "north"},
				"west": {"uv": [2.375, 5.75, 2.75, 5.875], "texture": "#sks1", "cullface": "north"},
				"up": {"uv": [7.8125, 2.375, 8.1875, 2.75], "texture": "#sks1", "cullface": "north"},
				"down": {"uv": [7.8125, 13.25, 8.1875, 13.625], "texture": "#sks1", "cullface": "north"}
			}
		},
		{
			"from": [7.375, 9.125, 13.8751],
			"to": [7.75, 9.375, 18.8751],
			"rotation": {"angle": 45, "axis": "z", "origin": [7.375, 9.375, 13.8751]},
			"faces": {
				"north": {"uv": [8.07322, 6.55178, 8.44822, 6.80178], "texture": "#sks1", "cullface": "south"},
				"south": {"uv": [7.55178, 6.55178, 7.92678, 6.80178], "texture": "#sks1", "cullface": "south"},
				"up": {"uv": [7.55178, 13.8751, 7.92678, 16], "texture": "#sks1", "cullface": "south"}
			}
		},
		{
			"from": [8.3575, 9.395, 13.8751],
			"to": [8.7325, 9.645, 18.8751],
			"rotation": {"angle": -45, "axis": "z", "origin": [8.3575, 9.645, 13.8751]},
			"faces": {
				"north": {"uv": [7.44428, 6.28178, 7.81928, 6.53178], "texture": "#sks1", "cullface": "south"},
				"south": {"uv": [8.18072, 6.28178, 8.55572, 6.53178], "texture": "#sks1", "cullface": "south"},
				"up": {"uv": [8.18072, 13.8751, 8.55572, 16], "texture": "#sks1", "cullface": "south"}
			}
		},
		{
			"from": [7.375, 5.875, 17.75],
			"to": [8.625, 6.375, 18.125],
			"rotation": {"angle": 22.5, "axis": "x", "origin": [7.375, 6.375, 17.75]},
			"faces": {
				"north": {"uv": [7.375, 9.58694, 8.625, 10.08694], "texture": "#texture", "cullface": "south"},
				"east": {"uv": [14.06634, 9.58694, 14.44134, 10.08694], "texture": "#texture", "cullface": "south"},
				"south": {"uv": [7.375, 9.58694, 8.625, 10.08694], "texture": "#texture", "cullface": "south"},
				"west": {"uv": [1.55866, 9.58694, 1.93366, 10.08694], "texture": "#texture", "cullface": "south"},
				"down": {"uv": [7.375, 14.06634, 8.625, 14.44134], "texture": "#texture", "cullface": "south"}
			}
		},
		{
			"from": [7.625, 9.625, 14],
			"to": [8.375, 9.75, 18.75],
			"faces": {
				"north": {"uv": [7.625, 6.25, 8.375, 6.375], "texture": "#sks1", "cullface": "south"},
				"east": {"uv": [0, 6.25, 2, 6.375], "texture": "#sks1", "cullface": "south"},
				"south": {"uv": [7.625, 6.25, 8.375, 6.375], "texture": "#sks1", "cullface": "south"},
				"west": {"uv": [14, 6.25, 16, 6.375], "texture": "#sks1", "cullface": "south"},
				"up": {"uv": [7.625, 14, 8.375, 16], "texture": "#sks1", "cullface": "south"}
			}
		},
		{
			"from": [7.625, 9.75, 14],
			"to": [8.375, 9.875, 14.25],
			"faces": {
				"north": {"uv": [7.625, 6.125, 8.375, 6.25], "texture": "#sks1"},
				"east": {"uv": [1.75, 6.125, 2, 6.25], "texture": "#sks1"},
				"south": {"uv": [7.625, 6.125, 8.375, 6.25], "texture": "#sks1"},
				"west": {"uv": [14, 6.125, 14.25, 6.25], "texture": "#sks1"},
				"up": {"uv": [7.625, 14, 8.375, 14.25], "texture": "#sks1"}
			}
		},
		{
			"from": [7.625, 9.75, 14.375],
			"to": [8.375, 10, 17.875],
			"faces": {
				"north": {"uv": [7.625, 6, 8.375, 6.25], "texture": "#sks1", "cullface": "south"},
				"east": {"uv": [0, 6, 1.625, 6.25], "texture": "#sks1", "cullface": "south"},
				"south": {"uv": [7.625, 6, 8.375, 6.25], "texture": "#sks1", "cullface": "south"},
				"west": {"uv": [14.375, 6, 16, 6.25], "texture": "#sks1", "cullface": "south"},
				"up": {"uv": [7.625, 14.375, 8.375, 16], "texture": "#sks1", "cullface": "south"}
			}
		},
		{
			"from": [7.625, 9.75, 18.125],
			"to": [8.375, 9.875, 18.375],
			"faces": {
				"north": {"uv": [7.625, 6.125, 8.375, 6.25], "texture": "#sks1", "cullface": "south"},
				"east": {"uv": [13.625, 6.125, 13.875, 6.25], "texture": "#sks1", "cullface": "south"},
				"south": {"uv": [7.625, 6.125, 8.375, 6.25], "texture": "#sks1", "cullface": "south"},
				"west": {"uv": [2.125, 6.125, 2.375, 6.25], "texture": "#sks1", "cullface": "south"},
				"up": {"uv": [7.625, 2.125, 8.375, 2.375], "texture": "#sks1", "cullface": "south"}
			}
		},
		{
			"from": [7.625, 9.75, 18.5],
			"to": [8.375, 9.875, 18.75],
			"faces": {
				"north": {"uv": [7.625, 6.125, 8.375, 6.25], "texture": "#sks1", "cullface": "south"},
				"east": {"uv": [13.25, 6.125, 13.5, 6.25], "texture": "#sks1", "cullface": "south"},
				"south": {"uv": [7.625, 6.125, 8.375, 6.25], "texture": "#sks1", "cullface": "south"},
				"west": {"uv": [2.5, 6.125, 2.75, 6.25], "texture": "#sks1", "cullface": "south"},
				"up": {"uv": [7.625, 2.5, 8.375, 2.75], "texture": "#sks1", "cullface": "south"}
			}
		},
		{
			"from": [7.0625, 7.625, 18.25],
			"to": [8.9375, 8, 18.625],
			"faces": {
				"north": {"uv": [7.0625, 8, 8.9375, 8.375], "texture": "#sks1", "cullface": "south"},
				"south": {"uv": [7.0625, 8, 8.9375, 8.375], "texture": "#sks1", "cullface": "south"},
				"up": {"uv": [7.0625, 2.25, 8.9375, 2.625], "texture": "#sks1", "cullface": "south"},
				"down": {"uv": [7.0625, 13.375, 8.9375, 13.75], "texture": "#sks1", "cullface": "south"}
			}
		},
		{
			"from": [7.8125, 7.875, -11.9375],
			"to": [8.1875, 8.5, -11.6875],
			"faces": {
				"north": {"uv": [7.8125, 7.5, 8.1875, 8.125], "texture": "#sks1", "cullface": "north"},
				"east": {"uv": [11.6875, 7.5, 11.9375, 8.125], "texture": "#sks1", "cullface": "north"},
				"south": {"uv": [7.8125, 7.5, 8.1875, 8.125], "texture": "#sks1", "cullface": "north"},
				"west": {"uv": [4.0625, 7.5, 4.3125, 8.125], "texture": "#sks1", "cullface": "north"},
				"down": {"uv": [7.8125, 11.6875, 8.1875, 11.9375], "texture": "#sks1", "cullface": "north"}
			}
		},
		{
			"from": [7.4376, 2.48, 8.435],
			"to": [8.5626, 5.48, 11.61],
			"rotation": {"angle": 22.5, "axis": "x", "origin": [7.4376, 5.48, 8.435]},
			"faces": {
				"north": {"uv": [7.4374, 10.29164, 8.5624, 13.29164], "texture": "#sks2"},
				"east": {"uv": [5.53805, 10.29164, 8.71305, 13.29164], "texture": "#sks2"},
				"south": {"uv": [7.4376, 10.29164, 8.5626, 13.29164], "texture": "#sks2"},
				"west": {"uv": [7.28695, 10.29164, 10.46195, 13.29164], "texture": "#sks2"},
				"down": {"uv": [7.4376, 5.53805, 8.5626, 8.71305], "texture": "#sks2"}
			}
		},
		{
			"from": [7.75, 10, 14.5],
			"to": [8.25, 10.5, 15],
			"faces": {
				"north": {"uv": [7.75, 5.5, 8.25, 6], "texture": "#sks1"},
				"east": {"uv": [1, 5.5, 1.5, 6], "texture": "#sks1"},
				"south": {"uv": [7.75, 5.5, 8.25, 6], "texture": "#sks1"},
				"west": {"uv": [14.5, 5.5, 15, 6], "texture": "#sks1"}
			}
		},
		{
			"from": [7.75, 10, 16.5],
			"to": [8.25, 10.5, 17],
			"faces": {
				"north": {"uv": [7.75, 5.5, 8.25, 6], "texture": "#sks1", "cullface": "south"},
				"east": {"uv": [15, 5.5, 15.5, 6], "texture": "#sks1", "cullface": "south"},
				"south": {"uv": [7.75, 5.5, 8.25, 6], "texture": "#sks1", "cullface": "south"},
				"west": {"uv": [0.5, 5.5, 1, 6], "texture": "#sks1", "cullface": "south"}
			}
		},
		{
			"from": [7.5, 10.5, 9.125],
			"to": [8.5, 11.5, 18.125],
			"faces": {
				"east": {"uv": [0, 4.5, 6.875, 5.5], "texture": "#sks1", "cullface": "south"},
				"west": {"uv": [9.125, 4.5, 16, 5.5], "texture": "#sks1", "cullface": "south"},
				"up": {"uv": [7.5, 9.125, 8.5, 16], "texture": "#sks1", "cullface": "south"},
				"down": {"uv": [7.5, 0, 8.5, 6.875], "texture": "#sks1", "cullface": "south"}
			}
		},
		{
			"from": [7.375, 10.5, 8.625],
			"to": [7.5, 11.5, 12.625],
			"faces": {
				"north": {"uv": [8.5, 4.5, 8.625, 5.5], "texture": "#sks1"},
				"east": {"uv": [3.375, 4.5, 7.375, 5.5], "texture": "#sks1"},
				"south": {"uv": [7.375, 4.5, 7.5, 5.5], "texture": "#sks1"},
				"west": {"uv": [8.625, 4.5, 12.625, 5.5], "texture": "#sks1"},
				"up": {"uv": [7.375, 8.625, 7.5, 12.625], "texture": "#sks1"},
				"down": {"uv": [7.375, 3.375, 7.5, 7.375], "texture": "#sks1"}
			}
		},
		{
			"from": [8.5, 10.5, 8.625],
			"to": [8.625, 11.5, 12.625],
			"faces": {
				"north": {"uv": [7.375, 4.5, 7.5, 5.5], "texture": "#sks1"},
				"east": {"uv": [3.375, 4.5, 7.375, 5.5], "texture": "#sks1"},
				"south": {"uv": [8.5, 4.5, 8.625, 5.5], "texture": "#sks1"},
				"west": {"uv": [8.625, 4.5, 12.625, 5.5], "texture": "#sks1"},
				"up": {"uv": [8.5, 8.625, 8.625, 12.625], "texture": "#sks1"},
				"down": {"uv": [8.5, 3.375, 8.625, 7.375], "texture": "#sks1"}
			}
		},
		{
			"from": [7.375, 10.5, 17.625],
			"to": [7.5, 11.5, 20.125],
			"faces": {
				"north": {"uv": [8.5, 4.5, 8.625, 5.5], "texture": "#sks1", "cullface": "south"},
				"east": {"uv": [11.875, 4.5, 14.375, 5.5], "texture": "#sks1", "cullface": "south"},
				"south": {"uv": [7.375, 4.5, 7.5, 5.5], "texture": "#sks1", "cullface": "south"},
				"west": {"uv": [1.625, 4.5, 4.125, 5.5], "texture": "#sks1", "cullface": "south"},
				"up": {"uv": [7.375, 1.625, 7.5, 4.125], "texture": "#sks1", "cullface": "south"},
				"down": {"uv": [7.375, 11.875, 7.5, 14.375], "texture": "#sks1", "cullface": "south"}
			}
		},
		{
			"from": [8.5, 10.5, 17.625],
			"to": [8.625, 11.5, 20.125],
			"faces": {
				"north": {"uv": [7.375, 4.5, 7.5, 5.5], "texture": "#sks1", "cullface": "south"},
				"east": {"uv": [11.875, 4.5, 14.375, 5.5], "texture": "#sks1", "cullface": "south"},
				"south": {"uv": [8.5, 4.5, 8.625, 5.5], "texture": "#sks1", "cullface": "south"},
				"west": {"uv": [1.625, 4.5, 4.125, 5.5], "texture": "#sks1", "cullface": "south"},
				"up": {"uv": [8.5, 1.625, 8.625, 4.125], "texture": "#sks1", "cullface": "south"},
				"down": {"uv": [8.5, 11.875, 8.625, 14.375], "texture": "#sks1", "cullface": "south"}
			}
		},
		{
			"from": [7.5, 10.375, 17.625],
			"to": [8.5, 10.5, 20.125],
			"faces": {
				"north": {"uv": [7.5, 5.5, 8.5, 5.625], "texture": "#sks1", "cullface": "south"},
				"east": {"uv": [11.875, 5.5, 14.375, 5.625], "texture": "#sks1", "cullface": "south"},
				"south": {"uv": [7.5, 5.5, 8.5, 5.625], "texture": "#sks1", "cullface": "south"},
				"west": {"uv": [1.625, 5.5, 4.125, 5.625], "texture": "#sks1", "cullface": "south"},
				"up": {"uv": [7.5, 1.625, 8.5, 4.125], "texture": "#sks1", "cullface": "south"},
				"down": {"uv": [7.5, 11.875, 8.5, 14.375], "texture": "#sks1", "cullface": "south"}
			}
		},
		{
			"from": [7.5, 11.5, 17.625],
			"to": [8.5, 11.625, 20.125],
			"faces": {
				"north": {"uv": [7.5, 4.375, 8.5, 4.5], "texture": "#sks1", "cullface": "south"},
				"east": {"uv": [11.875, 4.375, 14.375, 4.5], "texture": "#sks1", "cullface": "south"},
				"south": {"uv": [7.5, 4.375, 8.5, 4.5], "texture": "#sks1", "cullface": "south"},
				"west": {"uv": [1.625, 4.375, 4.125, 4.5], "texture": "#sks1", "cullface": "south"},
				"up": {"uv": [7.5, 1.625, 8.5, 4.125], "texture": "#sks1", "cullface": "south"},
				"down": {"uv": [7.5, 11.875, 8.5, 14.375], "texture": "#sks1", "cullface": "south"}
			}
		},
		{
			"from": [7.5, 10.375, 8.625],
			"to": [8.5, 10.5, 12.625],
			"faces": {
				"north": {"uv": [7.5, 5.5, 8.5, 5.625], "texture": "#sks1"},
				"east": {"uv": [3.375, 5.5, 7.375, 5.625], "texture": "#sks1"},
				"south": {"uv": [7.5, 5.5, 8.5, 5.625], "texture": "#sks1"},
				"west": {"uv": [8.625, 5.5, 12.625, 5.625], "texture": "#sks1"},
				"up": {"uv": [7.5, 8.625, 8.5, 12.625], "texture": "#sks1"},
				"down": {"uv": [7.5, 3.375, 8.5, 7.375], "texture": "#sks1"}
			}
		},
		{
			"from": [7.5, 11.5, 8.625],
			"to": [8.5, 11.625, 12.625],
			"faces": {
				"north": {"uv": [7.5, 4.375, 8.5, 4.5], "texture": "#sks1"},
				"east": {"uv": [3.375, 4.375, 7.375, 4.5], "texture": "#sks1"},
				"south": {"uv": [7.5, 4.375, 8.5, 4.5], "texture": "#sks1"},
				"west": {"uv": [8.625, 4.375, 12.625, 4.5], "texture": "#sks1"},
				"up": {"uv": [7.5, 8.625, 8.5, 12.625], "texture": "#sks1"},
				"down": {"uv": [7.5, 3.375, 8.5, 7.375], "texture": "#sks1"}
			}
		},
		{
			"from": [7.5, 10.5, 19.375],
			"to": [8.5, 11.5, 19.475],
			"faces": {
				"north": {"uv": [0, 0, 16, 16], "texture": "#scope", "cullface": "south"},
				"south": {"uv": [0, 0, 16, 16], "texture": "#scope", "cullface": "south"}
			}
		},
		{
			"from": [7.5, 10.5, 8.875],
			"to": [8.5, 11.5, 8.975],
			"faces": {
				"north": {"uv": [7.5, 4.5, 8.5, 5.5], "texture": "#scope"},
				"south": {"uv": [7.5, 4.5, 8.5, 5.5], "texture": "#scope"}
			}
		},
		{
			"from": [4, 7, 7],
			"to": [7, 7.011, 22],
			"rotation": {"angle": -22.5, "axis": "y", "origin": [12, 8, 13]},
			"faces": {
				"north": {"uv": [11.625, 7.75, 16, 16], "texture": "#0"},
				"east": {"uv": [0, 0, 13, 6.75], "texture": "#0"},
				"south": {"uv": [0, 0, 1, 1], "texture": "#0"},
				"west": {"uv": [0, 0, 16, 9.125], "texture": "#0"},
				"up": {"uv": [7.125, 2.625, 16, 16], "texture": "#0"},
				"down": {"uv": [0, 0, 1, 7], "texture": "#0"}
			}
		}
	],
	"display": {
		"thirdperson_righthand": {
			"rotation": [0, 0, 90],
			"translation": [-2.25, -0.5, -5],
			"scale": [0.6, 0.6, 0.6]
		},
		"thirdperson_lefthand": {
			"rotation": [10, 0, 0],
			"translation": [0, 0.74, -3.5],
			"scale": [0.6, 0.6, 0.6]
		},
		"firstperson_righthand": {
			"translation": [-2, 2, -10],
			"scale": [1.15, 1.25, 1.25]
		},
		"firstperson_lefthand": {
			"translation": [-16, 2, -10],
			"scale": [1.15, 1.25, 1.25]
		},
		"ground": {
			"rotation": [0, 0, 90],
			"translation": [0, -6, 0],
			"scale": [0.95, 0.95, 0.95]
		},
		"gui": {
			"rotation": [90, 45, -90],
			"translation": [0, -0.5, 0],
			"scale": [0.5, 0.5, 0.5]
		},
		"fixed": {
			"rotation": [90, -45, 90]
		}
	},
	"groups": [
		0,
		1,
		2,
		3,
		4,
		5,
		6,
		7,
		8,
		9,
		10,
		11,
		12,
		13,
		14,
		15,
		16,
		17,
		18,
		19,
		20,
		21,
		22,
		23,
		24,
		25,
		26,
		27,
		28,
		29,
		30,
		31,
		32,
		33,
		34,
		35,
		36,
		37,
		38,
		39,
		40,
		41,
		42,
		43,
		44,
		45,
		46,
		47,
		48,
		49,
		50,
		51,
		52,
		53,
		54,
		55,
		56,
		57,
		58,
		59,
		60,
		61,
		62,
		63,
		64,
		65,
		66,
		67,
		68,
		69,
		70,
		71,
		72,
		73,
		74,
		75,
		76,
		77,
		78,
		79,
		80,
		81,
		82,
		83,
		84,
		85,
		86,
		87,
		88,
		89,
		90,
		91,
		92,
		93,
		94,
		95,
		96,
		97,
		98,
		99,
		100,
		101,
		102,
		103,
		104,
		105,
		106,
		107,
		108,
		109,
		110,
		111,
		112,
		113,
		114,
		115,
		116,
		117,
		118,
		119,
		120,
		121,
		122,
		123,
		124,
		125,
		126,
		127,
		128,
		129,
		130,
		131,
		132,
		133,
		134,
		135,
		136,
		137,
		138,
		139,
		140,
		141,
		142,
		143,
		144,
		145,
		146,
		147,
		148,
		149,
		150,
		151,
		152,
		153,
		154,
		155,
		156,
		{
			"name": "ryka",
			"origin": [8, 8, 8],
			"color": 0,
			"children": [157]
		}
	]
}